year,round_number,driver_id,constructor_id,circuit_id,grid_position,quali_delta,quali_tm_delta,season_pts_driver,season_pts_team,last_3_avg,is_street_circuit,is_wet,race_time,race_status,gap_to_winner,laps,race_time_per_lap,fp1_best,fp2_best,fp3_best,fp1_rel,fp2_rel,fp3_rel,fp1_laps,fp2_laps,fp3_laps
2015,1,hamilton,mercedes,melbourne,1,0.0,-0.5940000000000083,0.0,0.0,0.0,1,0,5514.067,Finished,0.0,58,95.07012068965517,0.0,0.0,0.0,0.0,0.0,0.0,0,0,0
2015,1,rosberg,mercedes,melbourne,2,0.5940000000000083,0.5940000000000083,0.0,25.0,0.0,1,0,5515.427,Finished,1.3599999999996726,58,95.09356896551724,0.0,0.0,0.0,0.0,0.0,0.0,0,0,0
2015,1,vettel,ferrari,melbourne,4,1.4150000000000063,-0.04800000000000182,0.0,0.0,0.0,1,0,5548.59,Finished,34.52300000000014,58,95.66534482758621,0.0,0.0,0.0,0.0,0.0,0.0,0,0,0
2015,1,massa,williams,melbourne,3,1.3910000000000053,-0.07800000000000296,0.0,0.0,0.0,1,0,5552.263,Finished,38.19599999999991,58,95.7286724137931,0.0,0.0,0.0,0.0,0.0,0.0,0,0,0
2015,1,nasr,sauber,melbourne,11,2.472999999999999,-2.5760000000000076,0.0,0.0,0.0,1,0,5609.216,Finished,95.14900000000034,58,96.71062068965517,0.0,0.0,0.0,0.0,0.0,0.0,0,0,0
2015,1,ricciardo,red_bull,melbourne,7,2.0019999999999953,-0.7409999999999997,0.0,0.0,0.0,1,0,,+1 Lap,,57,,0.0,0.0,0.0,0.0,0.0,0.0,0,0,0
2015,1,h_lkenberg,force_india,melbourne,14,2.8810000000000002,-0.0010000000000047748,0.0,0.0,0.0,1,0,,+1 Lap,,57,,0.0,0.0,0.0,0.0,0.0,0.0,0,0,0
2015,1,ericsson,sauber,melbourne,16,5.049000000000007,2.5760000000000076,0.0,10.0,0.0,1,0,,+1 Lap,,57,,0.0,0.0,0.0,0.0,0.0,0.0,0,0,0
2015,1,sainz,toro_rosso,melbourne,8,2.183000000000007,-0.3579999999999899,0.0,0.0,0.0,1,0,,+1 Lap,,57,,0.0,0.0,0.0,0.0,0.0,0.0,0,0,0
2015,1,p_rez,force_india,melbourne,15,2.882000000000005,0.0010000000000047748,0.0,6.0,0.0,1,0,,+1 Lap,,57,,0.0,0.0,0.0,0.0,0.0,0.0,0,0,0
2015,1,button,mclaren,melbourne,17,5.094999999999999,-0.6150000000000091,0.0,0.0,0.0,1,0,,+2 Laps,,56,,0.0,0.0,0.0,0.0,0.0,0.0,0,0,0
2015,1,r_ikk_nen,ferrari,melbourne,5,1.463000000000008,0.04800000000000182,0.0,15.0,0.0,1,0,,Wheel,,40,,0.0,0.0,0.0,0.0,0.0,0.0,0,0,0
2015,1,verstappen,toro_rosso,melbourne,12,2.540999999999997,0.3579999999999899,0.0,2.0,0.0,1,0,,Engine,,32,,0.0,0.0,0.0,0.0,0.0,0.0,0,0,0
2015,1,grosjean,lotus_f1,melbourne,9,2.233000000000004,-0.16599999999999682,0.0,0.0,0.0,1,0,,Power loss,,0,,0.0,0.0,0.0,0.0,0.0,0.0,0,0,0
2015,1,maldonado,lotus_f1,melbourne,10,2.399000000000001,0.16599999999999682,0.0,0.0,0.0,1,0,,Accident,,0,,0.0,0.0,0.0,0.0,0.0,0.0,0,0,0
2015,1,kvyat,red_bull,melbourne,13,2.742999999999995,0.7409999999999997,0.0,8.0,0.0,1,0,,Withdrew,,0,,0.0,0.0,0.0,0.0,0.0,0.0,0,0,0
2015,1,magnussen,mclaren,melbourne,18,5.710000000000008,0.6150000000000091,0.0,0.0,0.0,1,0,,Withdrew,,0,,0.0,0.0,0.0,0.0,0.0,0.0,0,0,0
2015,1,bottas,williams,melbourne,6,1.4690000000000083,0.07800000000000296,0.0,12.0,0.0,1,0,,Withdrew,,0,,0.0,0.0,0.0,0.0,0.0,0.0,0,0,0
2015,2,vettel,ferrari,kuala_lumpur,2,0.36299999999999955,-0.7830000000000013,15.0,15.0,15.0,0,0,6065.793,Finished,0.0,56,108.31773214285714,0.0,0.0,0.0,0.0,0.0,0.0,0,0,0
2015,2,hamilton,mercedes,kuala_lumpur,1,0.0,-0.10499999999998977,25.0,43.0,25.0,0,0,6074.362,Finished,8.569000000000415,56,108.47075,0.0,0.0,0.0,0.0,0.0,0.0,0,0,0
2015,2,rosberg,mercedes,kuala_lumpur,3,0.10499999999998977,0.10499999999998977,18.0,61.0,18.0,0,0,6078.103,Finished,12.3100000000004,56,108.53755357142857,0.0,0.0,0.0,0.0,0.0,0.0,0,0,0
2015,2,r_ikk_nen,ferrari,kuala_lumpur,11,1.1460000000000008,0.7830000000000013,0.0,40.0,0.0,0,0,6119.615,Finished,53.822000000000116,56,109.27883928571428,0.0,0.0,0.0,0.0,0.0,0.0,0,0,0
2015,2,bottas,williams,kuala_lumpur,9,0.9799999999999898,-0.29400000000001114,0.0,12.0,0.0,0,0,6136.201999999999,Finished,70.40899999999965,56,109.5750357142857,0.0,0.0,0.0,0.0,0.0,0.0,0,0,0
2015,2,massa,williams,kuala_lumpur,7,1.274000000000001,0.29400000000001114,12.0,22.0,12.0,0,0,6139.379,Finished,73.58600000000024,56,109.63176785714286,0.0,0.0,0.0,0.0,0.0,0.0,0,0,0
2015,2,verstappen,toro_rosso,kuala_lumpur,6,1.524000000000001,0.9790000000000134,0.0,2.0,0.0,0,0,6163.554999999999,Finished,97.76199999999972,56,110.06348214285713,0.0,0.0,0.0,0.0,0.0,0.0,0,0,0
2015,2,sainz,toro_rosso,kuala_lumpur,15,0.5449999999999875,-0.9790000000000134,2.0,8.0,2.0,0,0,,+1 Lap,,55,,0.0,0.0,0.0,0.0,0.0,0.0,0,0,0
2015,2,kvyat,red_bull,kuala_lumpur,5,1.277000000000001,0.04200000000000159,0.0,8.0,0.0,0,0,,+1 Lap,,55,,0.0,0.0,0.0,0.0,0.0,0.0,0,0,0
2015,2,ricciardo,red_bull,kuala_lumpur,4,1.2349999999999994,-0.04200000000000159,8.0,10.0,8.0,0,0,,+1 Lap,,55,,0.0,0.0,0.0,0.0,0.0,0.0,0,0,0
2015,2,grosjean,lotus_f1,kuala_lumpur,8,1.0339999999999918,-0.058000000000006935,0.0,0.0,0.0,0,0,,+1 Lap,,55,,0.0,0.0,0.0,0.0,0.0,0.0,0,0,0
2015,2,nasr,sauber,kuala_lumpur,16,2.0390000000000015,0.9680000000000035,10.0,14.0,10.0,0,0,,+1 Lap,,55,,0.0,0.0,0.0,0.0,0.0,0.0,0,0,0
2015,2,p_rez,force_india,kuala_lumpur,14,1.766999999999996,0.20600000000000307,1.0,7.0,1.0,0,0,,+1 Lap,,55,,0.0,0.0,0.0,0.0,0.0,0.0,0,0,0
2015,2,h_lkenberg,force_india,kuala_lumpur,13,1.5609999999999928,-0.20600000000000307,6.0,7.0,6.0,0,0,,+1 Lap,,55,,0.0,0.0,0.0,0.0,0.0,0.0,0,0,0
2015,2,merhi,manor_marussia,kuala_lumpur,19,7.408000000000001,0.0,0.0,0.0,0.0,0,0,,+3 Laps,,53,,0.0,0.0,0.0,0.0,0.0,0.0,0,0,0
2015,2,maldonado,lotus_f1,kuala_lumpur,12,1.0919999999999987,0.058000000000006935,0.0,0.0,0.0,0,0,,Retired,,47,,0.0,0.0,0.0,0.0,0.0,0.0,0,0,0
2015,2,button,mclaren,kuala_lumpur,17,2.3669999999999902,-0.10999999999999943,0.0,0.0,0.0,0,0,,Turbo,,41,,0.0,0.0,0.0,0.0,0.0,0.0,0,0,0
2015,2,alonso,mclaren,kuala_lumpur,18,2.4769999999999897,0.10999999999999943,0.0,0.0,0.0,0,0,,ERS,,21,,0.0,0.0,0.0,0.0,0.0,0.0,0,0,0
2015,2,ericsson,sauber,kuala_lumpur,10,1.070999999999998,-0.9680000000000035,4.0,14.0,4.0,0,0,,Spun off,,3,,0.0,0.0,0.0,0.0,0.0,0.0,0,0,0
2015,2,stevens,manor_marussia,kuala_lumpur,-1,2.2009164420485177,0.0,0.0,0.0,0.0,0,0,,Fuel system,,0,,0.0,0.0,0.0,0.0,0.0,0.0,0,0,0
2015,3,hamilton,mercedes,shanghai,1,0.0,-0.04600000000000648,43.0,76.0,21.5,0,0,5982.008,Finished,0.0,56,106.82157142857143,0.0,0.0,0.0,0.0,0.0,0.0,0,0,0
2015,3,rosberg,mercedes,shanghai,2,0.04600000000000648,0.04600000000000648,33.0,101.0,16.5,0,0,5982.722,Finished,0.7139999999999418,56,106.83432142857143,0.0,0.0,0.0,0.0,0.0,0.0,0,0,0
2015,3,vettel,ferrari,shanghai,3,0.9050000000000011,-0.42199999999999704,40.0,52.0,20.0,0,0,5984.996,Finished,2.9880000000002838,56,106.87492857142857,0.0,0.0,0.0,0.0,0.0,0.0,0,0,0
2015,3,r_ikk_nen,ferrari,shanghai,6,1.3269999999999982,0.42199999999999704,12.0,67.0,6.0,0,0,5985.843,Finished,3.8350000000000364,56,106.89005357142857,0.0,0.0,0.0,0.0,0.0,0.0,0,0,0
2015,3,massa,williams,shanghai,4,1.171999999999997,-0.18900000000000716,20.0,30.0,10.0,0,0,5990.552,Finished,8.543999999999869,56,106.97414285714285,0.0,0.0,0.0,0.0,0.0,0.0,0,0,0
2015,3,bottas,williams,shanghai,5,1.3610000000000042,0.18900000000000716,10.0,40.0,5.0,0,0,5991.893,Finished,9.885000000000218,56,106.99808928571429,0.0,0.0,0.0,0.0,0.0,0.0,0,0,0
2015,3,grosjean,lotus_f1,shanghai,8,2.1230000000000047,-0.2289999999999992,0.0,0.0,0.0,0,0,6001.016,Finished,19.00799999999981,56,107.16099999999999,0.0,0.0,0.0,0.0,0.0,0.0,0,0,0
2015,3,nasr,sauber,shanghai,9,2.2349999999999994,-0.10999999999999943,10.0,14.0,5.0,0,0,6004.633,Finished,22.625,56,107.22558928571428,0.0,0.0,0.0,0.0,0.0,0.0,0,0,0
2015,3,ricciardo,red_bull,shanghai,7,1.7580000000000098,-0.6689999999999969,9.0,11.0,4.5,0,0,6014.125,Finished,32.11700000000019,56,107.39508928571429,0.0,0.0,0.0,0.0,0.0,0.0,0,0,0
2015,3,ericsson,sauber,shanghai,10,2.344999999999999,0.10999999999999943,4.0,18.0,2.0,0,0,,+1 Lap,,55,,0.0,0.0,0.0,0.0,0.0,0.0,0,0,0
2015,3,p_rez,force_india,shanghai,15,3.1210000000000093,-0.3129999999999882,1.0,7.0,0.5,0,0,,+1 Lap,,55,,0.0,0.0,0.0,0.0,0.0,0.0,0,0,0
2015,3,alonso,mclaren,shanghai,18,3.4980000000000047,0.0040000000000048885,0.0,0.0,0.0,0,0,,+1 Lap,,55,,0.0,0.0,0.0,0.0,0.0,0.0,0,0,0
2015,3,sainz,toro_rosso,shanghai,14,2.7560000000000002,0.15099999999999625,6.0,12.0,3.0,0,0,,+1 Lap,,55,,0.0,0.0,0.0,0.0,0.0,0.0,0,0,0
2015,3,button,mclaren,shanghai,17,3.4939999999999998,-0.0040000000000048885,0.0,0.0,0.0,0,0,,+1 Lap,,55,,0.0,0.0,0.0,0.0,0.0,0.0,0,0,0
2015,3,stevens,manor_marussia,shanghai,19,6.3089999999999975,-0.7510000000000048,0.0,0.0,0.0,0,0,,+2 Laps,,54,,0.0,0.0,0.0,0.0,0.0,0.0,0,0,0
2015,3,merhi,manor_marussia,shanghai,20,7.060000000000002,0.7510000000000048,0.0,0.0,0.0,0,0,,+2 Laps,,54,,0.0,0.0,0.0,0.0,0.0,0.0,0,0,0
2015,3,verstappen,toro_rosso,shanghai,13,2.605000000000004,-0.15099999999999625,6.0,12.0,3.0,0,0,,Transmission,,52,,0.0,0.0,0.0,0.0,0.0,0.0,0,0,0
2015,3,maldonado,lotus_f1,shanghai,11,2.352000000000004,0.2289999999999992,0.0,6.0,0.0,0,0,,Brakes,,49,,0.0,0.0,0.0,0.0,0.0,0.0,0,0,0
2015,3,kvyat,red_bull,shanghai,12,2.4270000000000067,0.6689999999999969,2.0,13.0,1.0,0,0,,Power Unit,,15,,0.0,0.0,0.0,0.0,0.0,0.0,0,0,0
2015,3,h_lkenberg,force_india,shanghai,16,3.4339999999999975,0.3129999999999882,6.0,7.0,3.0,0,0,,Gearbox,,9,,0.0,0.0,0.0,0.0,0.0,0.0,0,0,0
2015,4,hamilton,mercedes,sakhir,1,0.0,-0.5580000000000069,68.0,119.0,22.666666666666668,0,0,5705.809,Finished,0.0,57,100.10191228070175,0.0,0.0,0.0,0.0,0.0,0.0,0,0,0
2015,4,r_ikk_nen,ferrari,sakhir,4,0.6560000000000059,0.24500000000000455,24.0,79.0,8.0,0,0,5709.189,Finished,3.380000000000109,57,100.1612105263158,0.0,0.0,0.0,0.0,0.0,0.0,0,0,0
2015,4,rosberg,mercedes,sakhir,3,0.5580000000000069,0.5580000000000069,51.0,144.0,17.0,0,0,5711.842000000001,Finished,6.0330000000003565,57,100.20775438596492,0.0,0.0,0.0,0.0,0.0,0.0,0,0,0
2015,4,bottas,williams,sakhir,5,0.8100000000000023,-0.1700000000000017,18.0,48.0,6.0,0,0,5748.7660000000005,Finished,42.957000000000335,57,100.85554385964913,0.0,0.0,0.0,0.0,0.0,0.0,0,0,0
2015,4,vettel,ferrari,sakhir,2,0.41100000000000136,-0.24500000000000455,55.0,97.0,18.333333333333332,0,0,5749.798,Finished,43.98899999999958,57,100.87364912280701,0.0,0.0,0.0,0.0,0.0,0.0,0,0,0
2015,4,ricciardo,red_bull,sakhir,7,1.2609999999999957,-1.9680000000000035,11.0,13.0,3.6666666666666665,0,0,5767.56,Finished,61.751000000000204,57,101.18526315789474,0.0,0.0,0.0,0.0,0.0,0.0,0,0,0
2015,4,grosjean,lotus_f1,sakhir,10,1.5520000000000067,-1.554000000000002,6.0,6.0,2.0,0,0,5790.572,Finished,84.76299999999992,57,101.58898245614036,0.0,0.0,0.0,0.0,0.0,0.0,0,0,0
2015,4,p_rez,force_india,sakhir,11,2.1329999999999956,0.2539999999999907,1.0,7.0,0.3333333333333333,0,0,,+1 Lap,,56,,0.0,0.0,0.0,0.0,0.0,0.0,0,0,0
2015,4,kvyat,red_bull,sakhir,17,3.228999999999999,1.9680000000000035,2.0,21.0,0.6666666666666666,0,0,,+1 Lap,,56,,0.0,0.0,0.0,0.0,0.0,0.0,0,0,0
2015,4,massa,williams,sakhir,6,0.980000000000004,0.1700000000000017,30.0,60.0,10.0,0,0,,+1 Lap,,56,,0.0,0.0,0.0,0.0,0.0,0.0,0,0,0
2015,4,alonso,mclaren,sakhir,14,2.4680000000000035,0.0,0.0,0.0,0.0,0,0,,+1 Lap,,56,,0.0,0.0,0.0,0.0,0.0,0.0,0,0,0
2015,4,nasr,sauber,sakhir,12,2.165999999999997,-0.29700000000001125,14.0,19.0,4.666666666666667,0,0,,+1 Lap,,56,,0.0,0.0,0.0,0.0,0.0,0.0,0,0,0
2015,4,h_lkenberg,force_india,sakhir,8,1.8790000000000049,-0.2539999999999907,6.0,11.0,2.0,0,0,,+1 Lap,,56,,0.0,0.0,0.0,0.0,0.0,0.0,0,0,0
2015,4,ericsson,sauber,sakhir,13,2.463000000000008,0.29700000000001125,5.0,19.0,1.6666666666666667,0,0,,+1 Lap,,56,,0.0,0.0,0.0,0.0,0.0,0.0,0,0,0
2015,4,maldonado,lotus_f1,sakhir,16,3.1060000000000088,1.554000000000002,0.0,12.0,0.0,0,0,,+1 Lap,,56,,0.0,0.0,0.0,0.0,0.0,0.0,0,0,0
2015,4,stevens,manor_marussia,sakhir,18,6.141999999999996,-1.0090000000000003,0.0,0.0,0.0,0,0,,+2 Laps,,55,,0.0,0.0,0.0,0.0,0.0,0.0,0,0,0
2015,4,merhi,manor_marussia,sakhir,19,7.150999999999996,1.0090000000000003,0.0,0.0,0.0,0,0,,+3 Laps,,54,,0.0,0.0,0.0,0.0,0.0,0.0,0,0,0
2015,4,verstappen,toro_rosso,sakhir,15,2.5319999999999965,0.6409999999999911,6.0,12.0,2.0,0,0,,Electrical,,34,,0.0,0.0,0.0,0.0,0.0,0.0,0,0,0
2015,4,sainz,toro_rosso,sakhir,9,1.8910000000000053,-0.6409999999999911,6.0,12.0,2.0,0,0,,Engine,,29,,0.0,0.0,0.0,0.0,0.0,0.0,0,0,0
2015,4,button,mclaren,sakhir,-1,2.2009164420485177,0.0,0.0,0.0,0.0,0,0,,ERS,,0,,0.0,0.0,0.0,0.0,0.0,0.0,0,0,0
2015,5,rosberg,mercedes,barcelona,1,0.0,-0.2669999999999959,66.0,159.0,16.0,0,0,6072.555,Finished,0.0,66,92.0084090909091,0.0,0.0,0.0,0.0,0.0,0.0,0,0,0
2015,5,hamilton,mercedes,barcelona,2,0.2669999999999959,0.2669999999999959,93.0,184.0,22.666666666666668,0,0,6090.106000000001,Finished,17.551000000000386,66,92.27433333333335,0.0,0.0,0.0,0.0,0.0,0.0,0,0,0
2015,5,vettel,ferrari,barcelona,3,0.777000000000001,-0.5580000000000069,65.0,107.0,16.666666666666668,0,0,6117.897,Finished,45.34199999999964,66,92.6954090909091,0.0,0.0,0.0,0.0,0.0,0.0,0,0,0
2015,5,bottas,williams,barcelona,4,1.0130000000000052,-0.45300000000000296,30.0,61.0,10.0,0,0,6131.772,Finished,59.21699999999964,66,92.90563636363636,0.0,0.0,0.0,0.0,0.0,0.0,0,0,0
2015,5,r_ikk_nen,ferrari,barcelona,7,1.335000000000008,0.5580000000000069,42.0,122.0,14.0,0,0,6132.557000000001,Finished,60.00200000000041,66,92.91753030303032,0.0,0.0,0.0,0.0,0.0,0.0,0,0,0
2015,5,massa,williams,barcelona,9,1.4660000000000082,0.45300000000000296,31.0,73.0,6.333333333333333,0,0,6153.869000000001,Finished,81.3140000000003,66,93.2404393939394,0.0,0.0,0.0,0.0,0.0,0.0,0,0,0
2015,5,ricciardo,red_bull,barcelona,10,2.0109999999999957,0.06299999999998818,19.0,23.0,3.6666666666666665,0,0,,+1 Lap,,65,,0.0,0.0,0.0,0.0,0.0,0.0,0,0,0
2015,5,grosjean,lotus_f1,barcelona,11,2.6940000000000026,0.09399999999999409,12.0,12.0,4.0,0,0,,+1 Lap,,65,,0.0,0.0,0.0,0.0,0.0,0.0,0,0,0
2015,5,sainz,toro_rosso,barcelona,5,1.4549999999999983,-0.11299999999999955,6.0,12.0,1.3333333333333333,0,0,,+1 Lap,,65,,0.0,0.0,0.0,0.0,0.0,0.0,0,0,0
2015,5,kvyat,red_bull,barcelona,8,1.9480000000000075,-0.06299999999998818,4.0,29.0,1.3333333333333333,0,0,,+1 Lap,,65,,0.0,0.0,0.0,0.0,0.0,0.0,0,0,0
2015,5,verstappen,toro_rosso,barcelona,6,1.5679999999999978,0.11299999999999955,6.0,14.0,2.0,0,0,,+1 Lap,,65,,0.0,0.0,0.0,0.0,0.0,0.0,0,0,0
2015,5,nasr,sauber,barcelona,15,2.9440000000000026,-0.48699999999999477,14.0,19.0,1.3333333333333333,0,0,,+1 Lap,,65,,0.0,0.0,0.0,0.0,0.0,0.0,0,0,0
2015,5,p_rez,force_india,barcelona,18,3.7609999999999957,0.07699999999999818,5.0,11.0,1.3333333333333333,0,0,,+1 Lap,,65,,0.0,0.0,0.0,0.0,0.0,0.0,0,0,0
2015,5,ericsson,sauber,barcelona,16,3.4309999999999974,0.48699999999999477,5.0,19.0,0.3333333333333333,0,0,,+1 Lap,,65,,0.0,0.0,0.0,0.0,0.0,0.0,0,0,0
2015,5,h_lkenberg,force_india,barcelona,17,3.6839999999999975,-0.07699999999999818,6.0,11.0,0.0,0,0,,+1 Lap,,65,,0.0,0.0,0.0,0.0,0.0,0.0,0,0,0
2015,5,button,mclaren,barcelona,14,3.132000000000005,0.05299999999999727,0.0,0.0,0.0,0,0,,+1 Lap,,65,,0.0,0.0,0.0,0.0,0.0,0.0,0,0,0
2015,5,stevens,manor_marussia,barcelona,19,6.5190000000000055,-0.8379999999999939,0.0,0.0,0.0,0,0,,+3 Laps,,63,,0.0,0.0,0.0,0.0,0.0,0.0,0,0,0
2015,5,merhi,manor_marussia,barcelona,20,7.356999999999999,0.8379999999999939,0.0,0.0,0.0,0,0,,+4 Laps,,62,,0.0,0.0,0.0,0.0,0.0,0.0,0,0,0
2015,5,maldonado,lotus_f1,barcelona,12,2.6000000000000085,-0.09399999999999409,0.0,16.0,0.0,0,0,,Accident,,45,,0.0,0.0,0.0,0.0,0.0,0.0,0,0,0
2015,5,alonso,mclaren,barcelona,13,3.0790000000000077,-0.05299999999999727,0.0,0.0,0.0,0,0,,Brakes,,26,,0.0,0.0,0.0,0.0,0.0,0.0,0,0,0
2015,6,rosberg,mercedes,monte_carlo,2,0.34199999999999875,0.34199999999999875,91.0,202.0,19.333333333333332,1,0,6558.42,Finished,0.0,78,84.0823076923077,0.0,0.0,0.0,0.0,0.0,0.0,0,0,0
2015,6,vettel,ferrari,monte_carlo,3,0.7510000000000048,-0.578000000000003,80.0,132.0,13.333333333333334,1,0,6562.906,Finished,4.485999999999876,78,84.1398205128205,0.0,0.0,0.0,0.0,0.0,0.0,0,0,0
2015,6,hamilton,mercedes,monte_carlo,1,0.0,-0.34199999999999875,111.0,227.0,22.666666666666668,1,0,6564.473,Finished,6.052999999999884,78,84.15991025641026,0.0,0.0,0.0,0.0,0.0,0.0,0,0,0
2015,6,kvyat,red_bull,monte_carlo,5,1.0840000000000032,0.14100000000000534,5.0,30.0,1.0,1,0,6570.385,Finished,11.965000000000146,78,84.23570512820513,0.0,0.0,0.0,0.0,0.0,0.0,0,0,0
2015,6,ricciardo,red_bull,monte_carlo,4,0.9429999999999978,-0.14100000000000534,25.0,42.0,5.333333333333333,1,0,6572.028,Finished,13.608000000000175,78,84.25676923076924,0.0,0.0,0.0,0.0,0.0,0.0,0,0,0
2015,6,r_ikk_nen,ferrari,monte_carlo,6,1.3290000000000077,0.578000000000003,52.0,150.0,13.333333333333334,1,0,6572.765,Finished,14.345000000000255,78,84.26621794871795,0.0,0.0,0.0,0.0,0.0,0.0,0,0,0
2015,6,p_rez,force_india,monte_carlo,7,1.710000000000008,-0.3849999999999909,5.0,11.0,1.3333333333333333,1,0,6573.433,Finished,15.01299999999992,78,84.27478205128205,0.0,0.0,0.0,0.0,0.0,0.0,0,0,0
2015,6,button,mclaren,monte_carlo,12,1.9950000000000045,-0.6850000000000023,0.0,0.0,0.0,1,0,6574.483,Finished,16.063000000000102,78,84.28824358974359,0.0,0.0,0.0,0.0,0.0,0.0,0,0,0
2015,6,nasr,sauber,monte_carlo,16,3.003,-0.41200000000000614,14.0,19.0,1.3333333333333333,1,0,6582.046,Finished,23.626000000000204,78,84.38520512820513,0.0,0.0,0.0,0.0,0.0,0.0,0,0,0
2015,6,sainz,toro_rosso,monte_carlo,8,1.6640000000000015,0.21599999999999397,8.0,14.0,0.6666666666666666,1,0,6583.476,Finished,25.055999999999585,78,84.40353846153846,0.0,0.0,0.0,0.0,0.0,0.0,0,0,0
2015,6,h_lkenberg,force_india,monte_carlo,13,2.094999999999999,0.3849999999999909,6.0,17.0,0.0,1,0,6584.652,Finished,26.23199999999997,78,84.41861538461538,0.0,0.0,0.0,0.0,0.0,0.0,0,0,0
2015,6,grosjean,lotus_f1,monte_carlo,11,1.909000000000006,0.23199999999999932,16.0,16.0,5.333333333333333,1,0,6586.835,Finished,28.414999999999964,78,84.44660256410256,0.0,0.0,0.0,0.0,0.0,0.0,0,0,0
2015,6,ericsson,sauber,monte_carlo,18,3.4150000000000063,0.41200000000000614,5.0,21.0,0.3333333333333333,1,0,6589.579,Finished,31.15899999999965,78,84.48178205128205,0.0,0.0,0.0,0.0,0.0,0.0,0,0,0
2015,6,bottas,williams,monte_carlo,17,3.3359999999999985,1.1559999999999917,42.0,81.0,10.666666666666666,1,0,6604.209,Finished,45.78899999999976,78,84.66934615384615,0.0,0.0,0.0,0.0,0.0,0.0,0,0,0
2015,6,massa,williams,monte_carlo,14,2.180000000000007,-1.1559999999999917,39.0,81.0,6.333333333333333,1,0,,+1 Lap,,77,,0.0,0.0,0.0,0.0,0.0,0.0,0,0,0
2015,6,merhi,manor_marussia,monte_carlo,20,5.805999999999997,0.24899999999999523,0.0,0.0,0.0,1,0,,+2 Laps,,76,,0.0,0.0,0.0,0.0,0.0,0.0,0,0,0
2015,6,stevens,manor_marussia,monte_carlo,19,5.557000000000002,-0.24899999999999523,0.0,0.0,0.0,1,0,,+2 Laps,,76,,0.0,0.0,0.0,0.0,0.0,0.0,0,0,0
2015,6,verstappen,toro_rosso,monte_carlo,10,1.4480000000000075,-0.21599999999999397,6.0,15.0,0.0,1,0,,Accident,,62,,0.0,0.0,0.0,0.0,0.0,0.0,0,0,0
2015,6,alonso,mclaren,monte_carlo,15,2.680000000000007,0.6850000000000023,0.0,4.0,0.0,1,0,,Gearbox,,41,,0.0,0.0,0.0,0.0,0.0,0.0,0,0,0
2015,6,maldonado,lotus_f1,monte_carlo,9,1.6770000000000067,-0.23199999999999932,0.0,16.0,0.0,1,0,,Brakes,,5,,0.0,0.0,0.0,0.0,0.0,0.0,0,0,0
2015,7,hamilton,mercedes,montreal,1,0.0,-0.28000000000000114,126.0,242.0,19.333333333333332,1,0,5513.145,Finished,0.0,70,78.7592142857143,0.0,0.0,0.0,0.0,0.0,0.0,0,0,0
2015,7,rosberg,mercedes,montreal,2,0.28000000000000114,0.28000000000000114,116.0,267.0,21.666666666666668,1,0,5515.43,Finished,2.2849999999998545,70,78.79185714285715,0.0,0.0,0.0,0.0,0.0,0.0,0,0,0
2015,7,bottas,williams,montreal,4,0.7090000000000032,-2.783999999999992,42.0,81.0,8.0,1,0,5553.811000000001,Finished,40.66600000000017,70,79.34015714285715,0.0,0.0,0.0,0.0,0.0,0.0,0,0,0
2015,7,r_ikk_nen,ferrari,montreal,3,0.6209999999999951,-2.3299999999999983,60.0,158.0,12.0,1,0,5558.77,Finished,45.625,70,79.411,0.0,0.0,0.0,0.0,0.0,0.0,0,0,0
2015,7,vettel,ferrari,montreal,16,2.9509999999999934,2.3299999999999983,98.0,170.0,14.333333333333334,1,0,5563.048000000001,Finished,49.90300000000025,70,79.4721142857143,0.0,0.0,0.0,0.0,0.0,0.0,0,0,0
2015,7,massa,williams,montreal,17,3.492999999999995,2.783999999999992,39.0,96.0,3.0,1,0,5569.526000000001,Finished,56.38100000000031,70,79.56465714285716,0.0,0.0,0.0,0.0,0.0,0.0,0,0,0
2015,7,maldonado,lotus_f1,montreal,6,0.9359999999999928,0.1419999999999959,0.0,16.0,0.0,1,0,5579.809,Finished,66.66399999999976,70,79.71155714285715,0.0,0.0,0.0,0.0,0.0,0.0,0,0,0
2015,7,h_lkenberg,force_india,montreal,7,1.2210000000000036,-0.35999999999999943,6.0,17.0,0.0,1,0,,+1 Lap,,69,,0.0,0.0,0.0,0.0,0.0,0.0,0,0,0
2015,7,kvyat,red_bull,montreal,8,1.4980000000000047,-0.11499999999999488,17.0,52.0,5.0,1,0,,+1 Lap,,69,,0.0,0.0,0.0,0.0,0.0,0.0,0,0,0
2015,7,grosjean,lotus_f1,montreal,5,0.7939999999999969,-0.1419999999999959,16.0,22.0,3.3333333333333335,1,0,,+1 Lap,,69,,0.0,0.0,0.0,0.0,0.0,0.0,0,0,0
2015,7,p_rez,force_india,montreal,10,1.581000000000003,0.35999999999999943,11.0,21.0,3.3333333333333335,1,0,,+1 Lap,,69,,0.0,0.0,0.0,0.0,0.0,0.0,0,0,0
2015,7,sainz,toro_rosso,montreal,11,1.649000000000001,-0.20300000000000296,9.0,15.0,1.0,1,0,,+1 Lap,,69,,0.0,0.0,0.0,0.0,0.0,0.0,0,0,0
2015,7,ricciardo,red_bull,montreal,9,1.6129999999999995,0.11499999999999488,35.0,54.0,8.0,1,0,,+1 Lap,,69,,0.0,0.0,0.0,0.0,0.0,0.0,0,0,0
2015,7,ericsson,sauber,montreal,13,1.8689999999999998,-0.3580000000000041,5.0,21.0,0.0,1,0,,+1 Lap,,69,,0.0,0.0,0.0,0.0,0.0,0.0,0,0,0
2015,7,verstappen,toro_rosso,montreal,12,1.8520000000000039,0.20300000000000296,6.0,15.0,0.0,1,0,,+1 Lap,,69,,0.0,0.0,0.0,0.0,0.0,0.0,0,0,0
2015,7,nasr,sauber,montreal,15,2.227000000000004,0.3580000000000041,16.0,21.0,0.6666666666666666,1,0,,+2 Laps,,68,,0.0,0.0,0.0,0.0,0.0,0.0,0,0,0
2015,7,stevens,manor_marussia,montreal,19,4.763999999999996,0.02400000000000091,0.0,0.0,0.0,1,0,,+4 Laps,,66,,0.0,0.0,0.0,0.0,0.0,0.0,0,0,0
2015,7,merhi,manor_marussia,montreal,18,4.739999999999995,-0.02400000000000091,0.0,0.0,0.0,1,0,,Retired,,57,,0.0,0.0,0.0,0.0,0.0,0.0,0,0,0
2015,7,button,mclaren,montreal,-1,2.2009164420485177,0.0,4.0,4.0,1.3333333333333333,1,0,,Retired,,54,,0.0,0.0,0.0,0.0,0.0,0.0,0,0,0
2015,7,alonso,mclaren,montreal,14,1.8829999999999956,0.0,0.0,4.0,0.0,1,0,,Engine,,44,,0.0,0.0,0.0,0.0,0.0,0.0,0,0,0
2015,8,rosberg,mercedes,spielberg,2,0.17900000000000205,0.17900000000000205,134.0,285.0,22.666666666666668,0,0,5416.93,Finished,0.0,71,76.50522676056339,0.0,0.0,0.0,0.0,0.0,0.0,0,0,0
2015,8,hamilton,mercedes,spielberg,1,0.0,-0.17900000000000205,151.0,310.0,19.333333333333332,0,0,5425.7300000000005,Finished,8.800000000000182,71,76.50522676056339,0.0,0.0,0.0,0.0,0.0,0.0,0,0,0
2015,8,massa,williams,spielberg,4,0.7369999999999948,-0.12700000000000955,47.0,104.0,5.333333333333333,0,0,5434.503000000001,Finished,17.57300000000032,71,76.5422957746479,0.0,0.0,0.0,0.0,0.0,0.0,0,0,0
2015,8,vettel,ferrari,spielberg,3,0.355000000000004,-4.057000000000002,108.0,180.0,14.333333333333334,0,0,5435.111,Finished,18.180999999999585,71,76.55085915492957,0.0,0.0,0.0,0.0,0.0,0.0,0,0,0
2015,8,bottas,williams,spielberg,6,0.8640000000000043,0.12700000000000955,57.0,119.0,9.0,0,0,5470.534000000001,Finished,53.60400000000027,71,77.04977464788733,0.0,0.0,0.0,0.0,0.0,0.0,0,0,0
2015,8,h_lkenberg,force_india,spielberg,5,0.8230000000000075,-3.2439999999999998,10.0,21.0,1.3333333333333333,0,0,5481.005,Finished,64.07499999999982,71,77.19725352112677,0.0,0.0,0.0,0.0,0.0,0.0,0,0,0
2015,8,maldonado,lotus_f1,spielberg,11,1.918999999999997,0.4539999999999935,6.0,23.0,2.0,0,0,,+1 Lap,,70,,0.0,0.0,0.0,0.0,0.0,0.0,0,0,0
2015,8,verstappen,toro_rosso,spielberg,7,1.1569999999999965,-0.8530000000000086,6.0,15.0,0.0,0,0,,+1 Lap,,70,,0.0,0.0,0.0,0.0,0.0,0.0,0,0,0
2015,8,p_rez,force_india,spielberg,16,4.067000000000007,3.2439999999999998,11.0,29.0,2.0,0,0,,+1 Lap,,70,,0.0,0.0,0.0,0.0,0.0,0.0,0,0,0
2015,8,ricciardo,red_bull,spielberg,14,2.027000000000001,0.7879999999999967,35.0,54.0,5.333333333333333,0,0,,+1 Lap,,70,,0.0,0.0,0.0,0.0,0.0,0.0,0,0,0
2015,8,nasr,sauber,spielberg,9,1.1970000000000027,-0.7740000000000009,16.0,21.0,0.6666666666666666,0,0,,+1 Lap,,70,,0.0,0.0,0.0,0.0,0.0,0.0,0,0,0
2015,8,kvyat,red_bull,spielberg,8,1.2390000000000043,-0.7879999999999967,19.0,55.0,5.0,0,0,,+1 Lap,,70,,0.0,0.0,0.0,0.0,0.0,0.0,0,0,0
2015,8,ericsson,sauber,spielberg,12,1.9710000000000036,0.7740000000000009,5.0,21.0,0.0,0,0,,+2 Laps,,69,,0.0,0.0,0.0,0.0,0.0,0.0,0,0,0
2015,8,merhi,manor_marussia,spielberg,19,5.616,-1.296999999999997,0.0,0.0,0.0,0,0,,+3 Laps,,68,,0.0,0.0,0.0,0.0,0.0,0.0,0,0,0
2015,8,grosjean,lotus_f1,spielberg,10,1.4650000000000034,-0.4539999999999935,17.0,29.0,1.6666666666666667,0,0,,Gearbox,,35,,0.0,0.0,0.0,0.0,0.0,0.0,0,0,0
2015,8,sainz,toro_rosso,spielberg,13,2.010000000000005,0.8530000000000086,9.0,19.0,1.0,0,0,,Power loss,,35,,0.0,0.0,0.0,0.0,0.0,0.0,0,0,0
2015,8,button,mclaren,spielberg,17,4.177000000000007,1.8960000000000008,4.0,4.0,1.3333333333333333,0,0,,Retired,,8,,0.0,0.0,0.0,0.0,0.0,0.0,0,0,0
2015,8,stevens,manor_marussia,spielberg,20,6.912999999999997,1.296999999999997,0.0,0.0,0.0,0,0,,Oil leak,,1,,0.0,0.0,0.0,0.0,0.0,0.0,0,0,0
2015,8,r_ikk_nen,ferrari,spielberg,18,4.412000000000006,4.057000000000002,72.0,192.0,10.0,0,0,,Collision,,0,,0.0,0.0,0.0,0.0,0.0,0.0,0,0,0
2015,8,alonso,mclaren,spielberg,15,2.281000000000006,-1.8960000000000008,0.0,4.0,0.0,0,0,,Collision,,0,,0.0,0.0,0.0,0.0,0.0,0.0,0,0,0
2015,9,hamilton,mercedes,silverstone,1,0.0,-0.11299999999999955,169.0,328.0,19.333333333333332,0,0,5487.729,Finished,0.0,52,105.53325000000001,0.0,0.0,0.0,0.0,0.0,0.0,0,0,0
2015,9,rosberg,mercedes,silverstone,2,0.11299999999999955,0.11299999999999955,159.0,353.0,22.666666666666668,0,0,5498.685,Finished,10.956000000000131,52,105.74394230769232,0.0,0.0,0.0,0.0,0.0,0.0,0,0,0
2015,9,vettel,ferrari,silverstone,6,1.2989999999999924,0.16799999999999216,120.0,192.0,13.333333333333334,0,0,5513.1720000000005,Finished,25.44300000000021,52,106.02253846153847,0.0,0.0,0.0,0.0,0.0,0.0,0,0,0
2015,9,massa,williams,silverstone,3,0.8369999999999891,0.06499999999999773,62.0,129.0,7.666666666666667,0,0,5524.568,Finished,36.83899999999994,52,106.24169230769232,0.0,0.0,0.0,0.0,0.0,0.0,0,0,0
2015,9,bottas,williams,silverstone,4,0.7719999999999914,-0.06499999999999773,67.0,141.0,8.333333333333334,0,0,5550.923000000001,Finished,63.194000000000415,52,106.74851923076925,0.0,0.0,0.0,0.0,0.0,0.0,0,0,0
2015,9,kvyat,red_bull,silverstone,7,1.2719999999999914,-0.2289999999999992,19.0,55.0,4.666666666666667,0,0,5551.684,Finished,63.95499999999993,52,106.76315384615386,0.0,0.0,0.0,0.0,0.0,0.0,0,0,0
2015,9,h_lkenberg,force_india,silverstone,9,1.4249999999999972,-0.5769999999999982,18.0,31.0,4.0,0,0,5566.473,Finished,78.74399999999969,52,107.04755769230769,0.0,0.0,0.0,0.0,0.0,0.0,0,0,0
2015,9,r_ikk_nen,ferrari,silverstone,5,1.1310000000000002,-0.16799999999999216,72.0,207.0,6.666666666666667,0,0,,+1 Lap,,51,,0.0,0.0,0.0,0.0,0.0,0.0,0,0,0
2015,9,p_rez,force_india,silverstone,11,2.0019999999999953,0.5769999999999982,13.0,37.0,2.6666666666666665,0,0,,+1 Lap,,51,,0.0,0.0,0.0,0.0,0.0,0.0,0,0,0
2015,9,alonso,mclaren,silverstone,17,2.7109999999999985,-0.24799999999999045,0.0,4.0,0.0,0,0,,+1 Lap,,51,,0.0,0.0,0.0,0.0,0.0,0.0,0,0,0
2015,9,ericsson,sauber,silverstone,15,2.394999999999996,-0.24500000000000455,5.0,21.0,0.0,0,0,,+1 Lap,,51,,0.0,0.0,0.0,0.0,0.0,0.0,0,0,0
2015,9,merhi,manor_marussia,silverstone,20,7.128999999999991,2.012999999999991,0.0,0.0,0.0,0,0,,+3 Laps,,49,,0.0,0.0,0.0,0.0,0.0,0.0,0,0,0
2015,9,stevens,manor_marussia,silverstone,19,5.116,-2.012999999999991,0.0,0.0,0.0,0,0,,+3 Laps,,49,,0.0,0.0,0.0,0.0,0.0,0.0,0,0,0
2015,9,sainz,toro_rosso,silverstone,8,1.4009999999999962,-0.8529999999999944,9.0,19.0,0.3333333333333333,0,0,,Electrical,,31,,0.0,0.0,0.0,0.0,0.0,0.0,0,0,0
2015,9,ricciardo,red_bull,silverstone,10,1.5009999999999906,0.2289999999999992,36.0,63.0,3.6666666666666665,0,0,,Electrical,,21,,0.0,0.0,0.0,0.0,0.0,0.0,0,0,0
2015,9,verstappen,toro_rosso,silverstone,13,2.2539999999999907,0.8529999999999944,10.0,19.0,1.3333333333333333,0,0,,Spun off,,3,,0.0,0.0,0.0,0.0,0.0,0.0,0,0,0
2015,9,grosjean,lotus_f1,silverstone,12,2.182000000000002,-0.08099999999998886,17.0,29.0,0.3333333333333333,0,0,,Collision,,0,,0.0,0.0,0.0,0.0,0.0,0.0,0,0,0
2015,9,maldonado,lotus_f1,silverstone,14,2.262999999999991,0.08099999999998886,12.0,29.0,4.0,0,0,,Collision,,0,,0.0,0.0,0.0,0.0,0.0,0.0,0,0,0
2015,9,button,mclaren,silverstone,18,2.958999999999989,0.24799999999999045,4.0,5.0,1.3333333333333333,0,0,,Collision,,0,,0.0,0.0,0.0,0.0,0.0,0.0,0,0,0
2015,9,nasr,sauber,silverstone,16,2.6400000000000006,0.24500000000000455,16.0,21.0,0.6666666666666666,0,0,,Gearbox,,0,,0.0,0.0,0.0,0.0,0.0,0.0,0,0,0
2015,10,vettel,ferrari,budapest,3,0.7190000000000083,-0.2809999999999917,135.0,211.0,12.333333333333334,0,0,6369.985,Finished,0.0,69,92.3186231884058,0.0,0.0,0.0,0.0,0.0,0.0,0,0,0
2015,10,kvyat,red_bull,budapest,7,1.3119999999999976,0.5579999999999927,27.0,63.0,3.3333333333333335,0,0,6385.732999999999,Finished,15.747999999999593,69,92.54685507246376,0.0,0.0,0.0,0.0,0.0,0.0,0,0,0
2015,10,ricciardo,red_bull,budapest,4,0.7540000000000049,-0.5579999999999927,36.0,81.0,0.3333333333333333,0,0,6395.0689999999995,Finished,25.083999999999833,69,92.68215942028985,0.0,0.0,0.0,0.0,0.0,0.0,0,0,0
2015,10,verstappen,toro_rosso,budapest,9,1.659000000000006,-0.18999999999999773,10.0,19.0,1.3333333333333333,0,0,6414.236,Finished,44.251000000000204,69,92.95994202898551,0.0,0.0,0.0,0.0,0.0,0.0,0,0,0
2015,10,alonso,mclaren,budapest,15,2.5430000000000064,-0.17600000000000193,1.0,5.0,0.3333333333333333,0,0,6419.063999999999,Finished,49.07899999999972,69,93.02991304347825,0.0,0.0,0.0,0.0,0.0,0.0,0,0,0
2015,10,hamilton,mercedes,budapest,1,0.0,-0.5750000000000028,194.0,371.0,22.666666666666668,0,0,6422.009999999999,Finished,52.024999999999636,69,93.07260869565216,0.0,0.0,0.0,0.0,0.0,0.0,0,0,0
2015,10,grosjean,lotus_f1,budapest,10,1.7850000000000108,-0.0899999999999892,17.0,29.0,0.3333333333333333,0,0,6428.563,Finished,58.57800000000043,69,93.16757971014493,0.0,0.0,0.0,0.0,0.0,0.0,0,0,0
2015,10,rosberg,mercedes,budapest,2,0.5750000000000028,0.5750000000000028,177.0,379.0,20.333333333333332,0,0,6428.861,Finished,58.876000000000204,69,93.17189855072463,0.0,0.0,0.0,0.0,0.0,0.0,0,0,0
2015,10,button,mclaren,budapest,16,2.7190000000000083,0.17600000000000193,4.0,15.0,0.0,0,0,6437.013,Finished,67.02800000000025,69,93.29004347826087,0.0,0.0,0.0,0.0,0.0,0.0,0,0,0
2015,10,ericsson,sauber,budapest,17,2.8230000000000075,-0.15399999999999636,5.0,21.0,0.0,0,0,6439.115,Finished,69.13000000000011,69,93.3205072463768,0.0,0.0,0.0,0.0,0.0,0.0,0,0,0
2015,10,nasr,sauber,budapest,18,2.977000000000004,0.15399999999999636,16.0,22.0,0.0,0,0,6443.442999999999,Finished,73.45799999999963,69,93.38323188405796,0.0,0.0,0.0,0.0,0.0,0.0,0,0,0
2015,10,massa,williams,budapest,8,1.5170000000000101,0.31500000000001194,74.0,151.0,11.666666666666666,0,0,6444.263,Finished,74.27800000000025,69,93.39511594202898,0.0,0.0,0.0,0.0,0.0,0.0,0,0,0
2015,10,bottas,williams,budapest,6,1.2019999999999982,-0.31500000000001194,77.0,151.0,11.666666666666666,0,0,6450.213,Finished,80.22800000000007,69,93.48134782608695,0.0,0.0,0.0,0.0,0.0,0.0,0,0,0
2015,10,maldonado,lotus_f1,budapest,14,1.875,0.0899999999999892,12.0,35.0,4.0,0,0,6455.1269999999995,Finished,85.14199999999983,69,93.55256521739129,0.0,0.0,0.0,0.0,0.0,0.0,0,0,0
2015,10,merhi,manor_marussia,budapest,19,5.396000000000001,-0.5330000000000013,0.0,0.0,0.0,0,0,,+2 Laps,,67,,0.0,0.0,0.0,0.0,0.0,0.0,0,0,0
2015,10,stevens,manor_marussia,budapest,20,5.929000000000002,0.5330000000000013,0.0,0.0,0.0,0,0,,+4 Laps,,65,,0.0,0.0,0.0,0.0,0.0,0.0,0,0,0
2015,10,sainz,toro_rosso,budapest,12,1.8490000000000038,0.18999999999999773,9.0,31.0,0.0,0,0,,Electrical,,60,,0.0,0.0,0.0,0.0,0.0,0.0,0,0,0
2015,10,r_ikk_nen,ferrari,budapest,5,1.0,0.2809999999999917,76.0,236.0,5.333333333333333,0,0,,Power Unit,,55,,0.0,0.0,0.0,0.0,0.0,0.0,0,0,0
2015,10,p_rez,force_india,budapest,13,2.4240000000000066,0.6180000000000092,15.0,39.0,1.3333333333333333,0,0,,Suspension,,53,,0.0,0.0,0.0,0.0,0.0,0.0,0,0,0
2015,10,h_lkenberg,force_india,budapest,11,1.8059999999999974,-0.6180000000000092,24.0,39.0,6.0,0,0,,Front wing,,41,,0.0,0.0,0.0,0.0,0.0,0.0,0,0,0
2015,11,hamilton,mercedes,spa,1,0.0,-0.4579999999999984,202.0,383.0,17.0,0,0,5020.387,Finished,0.0,43,116.75318604651162,0.0,0.0,0.0,0.0,0.0,0.0,0,0,0
2015,11,rosberg,mercedes,spa,2,0.4579999999999984,0.4579999999999984,181.0,408.0,15.666666666666666,0,0,5022.445,Finished,2.0579999999999927,43,116.8010465116279,0.0,0.0,0.0,0.0,0.0,0.0,0,0,0
2015,11,grosjean,lotus_f1,spa,4,1.3640000000000043,-0.19299999999999784,23.0,35.0,2.0,0,0,5058.375,Finished,37.988000000000284,43,117.63662790697674,0.0,0.0,0.0,0.0,0.0,0.0,0,0,0
2015,11,kvyat,red_bull,spa,12,2.0309999999999917,0.5889999999999986,45.0,96.0,8.666666666666666,0,0,5066.079,Finished,45.69200000000001,43,117.81579069767442,0.0,0.0,0.0,0.0,0.0,0.0,0,0,0
2015,11,p_rez,force_india,spa,5,1.402000000000001,-0.5219999999999914,15.0,39.0,1.3333333333333333,0,0,5074.384,Finished,53.9970000000003,43,118.00893023255814,0.0,0.0,0.0,0.0,0.0,0.0,0,0,0
2015,11,massa,williams,spa,7,1.4879999999999995,0.14799999999999613,74.0,151.0,9.0,0,0,5075.67,Finished,55.28300000000036,43,118.03883720930233,0.0,0.0,0.0,0.0,0.0,0.0,0,0,0
2015,11,r_ikk_nen,ferrari,spa,14,2.090999999999994,0.527000000000001,76.0,236.0,1.3333333333333333,0,0,5076.09,Finished,55.70300000000043,43,118.04860465116279,0.0,0.0,0.0,0.0,0.0,0.0,0,0,0
2015,11,verstappen,toro_rosso,spa,15,2.6340000000000003,0.7660000000000053,22.0,31.0,5.333333333333333,0,0,5076.463,Finished,56.07600000000002,43,118.05727906976743,0.0,0.0,0.0,0.0,0.0,0.0,0,0,0
2015,11,bottas,williams,spa,3,1.3400000000000034,-0.14799999999999613,77.0,159.0,6.666666666666667,0,0,,Power Unit,,43,,0.0,0.0,0.0,0.0,0.0,0.0,0,0,0
2015,11,ericsson,sauber,spa,13,2.3259999999999934,-0.42900000000000205,6.0,22.0,0.3333333333333333,0,0,5111.621,Finished,91.23400000000038,43,118.87490697674419,0.0,0.0,0.0,0.0,0.0,0.0,0,0,0
2015,11,nasr,sauber,spa,16,2.7549999999999955,0.42900000000000205,16.0,23.0,0.0,0,0,5122.697999999999,Finished,102.3109999999997,43,119.13251162790696,0.0,0.0,0.0,0.0,0.0,0.0,0,0,0
2015,11,vettel,ferrari,spa,9,1.563999999999993,-0.527000000000001,160.0,242.0,17.333333333333332,0,0,,Tyre,,42,,0.0,0.0,0.0,0.0,0.0,0.0,0,0,0
2015,11,alonso,mclaren,spa,18,4.222999999999999,0.4420000000000073,11.0,17.0,3.6666666666666665,0,0,,+1 Lap,,42,,0.0,0.0,0.0,0.0,0.0,0.0,0,0,0
2015,11,button,mclaren,spa,17,3.7809999999999917,-0.4420000000000073,6.0,17.0,0.6666666666666666,0,0,,+1 Lap,,42,,0.0,0.0,0.0,0.0,0.0,0.0,0,0,0
2015,11,merhi,manor_marussia,spa,20,5.902000000000001,0.15100000000001046,0.0,0.0,0.0,0,0,,+1 Lap,,42,,0.0,0.0,0.0,0.0,0.0,0.0,0,0,0
2015,11,stevens,manor_marussia,spa,19,5.750999999999991,-0.15100000000001046,0.0,0.0,0.0,0,0,,+1 Lap,,42,,0.0,0.0,0.0,0.0,0.0,0.0,0,0,0
2015,11,sainz,toro_rosso,spa,10,1.867999999999995,-0.7660000000000053,9.0,35.0,0.0,0,0,,Power Unit,,32,,0.0,0.0,0.0,0.0,0.0,0.0,0,0,0
2015,11,ricciardo,red_bull,spa,6,1.441999999999993,-0.5889999999999986,51.0,108.0,5.333333333333333,0,0,,Power Unit,,19,,0.0,0.0,0.0,0.0,0.0,0.0,0,0,0
2015,11,maldonado,lotus_f1,spa,8,1.5570000000000022,0.19299999999999784,12.0,50.0,2.0,0,0,,Engine,,2,,0.0,0.0,0.0,0.0,0.0,0.0,0,0,0
2015,11,h_lkenberg,force_india,spa,11,1.9239999999999924,0.5219999999999914,24.0,49.0,4.666666666666667,0,0,,Power loss,,0,,0.0,0.0,0.0,0.0,0.0,0.0,0,0,0
2015,12,hamilton,mercedes,monza,1,0.0,-0.3200000000000074,227.0,426.0,19.333333333333332,0,0,4721.5451,Finished,0.0,53,88.3148679245283,0.0,0.0,0.0,0.0,0.0,0.0,0,0,0
2015,12,vettel,ferrari,monza,3,0.19400000000000261,-0.054000000000002046,160.0,242.0,13.333333333333334,0,0,4721.5451,Finished,25.04200000000037,53,88.78735849056605,0.0,0.0,0.0,0.0,0.0,0.0,0,0,0
2015,12,massa,williams,monza,5,0.5570000000000022,-0.1869999999999976,82.0,161.0,6.666666666666667,0,0,4728.323,Finished,47.63500000000022,53,89.21364150943397,0.0,0.0,0.0,0.0,0.0,0.0,0,0,0
2015,12,bottas,williams,monza,6,0.7439999999999998,0.1869999999999976,79.0,176.0,4.0,0,0,4728.684,Finished,47.996000000000095,53,89.22045283018868,0.0,0.0,0.0,0.0,0.0,0.0,0,0,0
2015,12,r_ikk_nen,ferrari,monza,2,0.24800000000000466,0.054000000000002046,82.0,260.0,3.3333333333333335,0,0,4749.548,Finished,68.85999999999967,53,89.61411320754716,0.0,0.0,0.0,0.0,0.0,0.0,0,0,0
2015,12,p_rez,force_india,monza,7,0.9960000000000093,-0.13100000000000023,25.0,49.0,4.0,0,0,4753.4710000000005,Finished,72.78300000000036,53,89.68813207547171,0.0,0.0,0.0,0.0,0.0,0.0,0,0,0
2015,12,h_lkenberg,force_india,monza,9,1.1270000000000095,0.13100000000000023,24.0,57.0,2.0,0,0,,+1 Lap,,52,,0.0,0.0,0.0,0.0,0.0,0.0,0,0,0
2015,12,ricciardo,red_bull,monza,15,2.25,-0.10900000000000887,51.0,108.0,5.0,0,0,,+1 Lap,,52,,0.0,0.0,0.0,0.0,0.0,0.0,0,0,0
2015,12,ericsson,sauber,monza,10,1.073999999999998,-0.4410000000000025,7.0,23.0,0.6666666666666666,0,0,,+1 Lap,,52,,0.0,0.0,0.0,0.0,0.0,0.0,0,0,0
2015,12,kvyat,red_bull,monza,14,2.359000000000009,0.10900000000000887,57.0,112.0,12.666666666666666,0,0,,+1 Lap,,52,,0.0,0.0,0.0,0.0,0.0,0.0,0,0,0
2015,12,sainz,toro_rosso,monza,13,2.027000000000001,0.0,9.0,35.0,0.0,0,0,,+1 Lap,,52,,0.0,0.0,0.0,0.0,0.0,0.0,0,0,0
2015,12,verstappen,toro_rosso,monza,20,2.2009164420485177,0.0,26.0,35.0,5.333333333333333,0,0,,+1 Lap,,52,,0.0,0.0,0.0,0.0,0.0,0.0,0,0,0
2015,12,nasr,sauber,monza,12,1.5150000000000006,0.4410000000000025,16.0,25.0,0.0,0,0,,+1 Lap,,52,,0.0,0.0,0.0,0.0,0.0,0.0,0,0,0
2015,12,button,mclaren,monza,16,2.6750000000000114,-0.09599999999998943,6.0,17.0,0.6666666666666666,0,0,,+1 Lap,,52,,0.0,0.0,0.0,0.0,0.0,0.0,0,0,0
2015,12,stevens,manor_marussia,monza,18,4.347999999999999,-0.1810000000000116,0.0,0.0,0.0,0,0,,+2 Laps,,51,,0.0,0.0,0.0,0.0,0.0,0.0,0,0,0
2015,12,merhi,manor_marussia,monza,19,4.529000000000011,0.1810000000000116,0.0,0.0,0.0,0,0,,+2 Laps,,51,,0.0,0.0,0.0,0.0,0.0,0.0,0,0,0
2015,12,rosberg,mercedes,monza,4,0.3200000000000074,0.3200000000000074,199.0,451.0,13.333333333333334,0,0,,+3 Laps,,50,,0.0,0.0,0.0,0.0,0.0,0.0,0,0,0
2015,12,alonso,mclaren,monza,17,2.771000000000001,0.09599999999998943,11.0,17.0,3.6666666666666665,0,0,,+6 Laps,,47,,0.0,0.0,0.0,0.0,0.0,0.0,0,0,0
2015,12,grosjean,lotus_f1,monza,8,1.0649999999999977,-0.07700000000001239,38.0,50.0,7.0,0,0,,Collision damage,,1,,0.0,0.0,0.0,0.0,0.0,0.0,0,0,0
2015,12,maldonado,lotus_f1,monza,11,1.1420000000000101,0.07700000000001239,12.0,50.0,0.0,0,0,,Collision damage,,1,,0.0,0.0,0.0,0.0,0.0,0.0,0,0,0
2015,13,vettel,ferrari,marina_bay,1,0.0,-0.7819999999999965,178.0,270.0,14.333333333333334,1,0,7282.118,Finished,0.0,61,119.37898360655738,0.0,0.0,0.0,0.0,0.0,0.0,0,0,0
2015,13,ricciardo,red_bull,marina_bay,2,0.5429999999999922,-0.3170000000000073,55.0,113.0,6.333333333333333,1,0,7283.5960000000005,Finished,1.4780000000000655,61,119.40321311475411,0.0,0.0,0.0,0.0,0.0,0.0,0,0,0
2015,13,r_ikk_nen,ferrari,marina_bay,3,0.7819999999999965,0.7819999999999965,92.0,295.0,5.333333333333333,1,0,7299.272000000001,Finished,17.15400000000045,61,119.6601967213115,0.0,0.0,0.0,0.0,0.0,0.0,0,0,0
2015,13,rosberg,mercedes,marina_bay,6,1.5300000000000011,0.1150000000000091,199.0,451.0,7.333333333333333,1,0,7306.838000000001,Finished,24.720000000000255,61,119.78422950819673,0.0,0.0,0.0,0.0,0.0,0.0,0,0,0
2015,13,bottas,williams,marina_bay,7,1.7909999999999968,-0.024999999999991473,91.0,188.0,4.666666666666667,1,0,7316.322,Finished,34.20399999999972,61,119.93970491803279,0.0,0.0,0.0,0.0,0.0,0.0,0,0,0
2015,13,kvyat,red_bull,marina_bay,4,0.8599999999999994,0.3170000000000073,58.0,131.0,10.333333333333334,1,0,7317.626,Finished,35.50799999999981,61,119.96108196721312,0.0,0.0,0.0,0.0,0.0,0.0,0,0,0
2015,13,p_rez,force_india,marina_bay,13,2.5,0.0799999999999983,33.0,63.0,6.0,1,0,7332.954000000001,Finished,50.83600000000024,61,120.21236065573771,0.0,0.0,0.0,0.0,0.0,0.0,0,0,0
2015,13,verstappen,toro_rosso,marina_bay,8,1.75,-0.8299999999999983,26.0,35.0,5.333333333333333,1,0,7333.568,Finished,51.44999999999982,61,120.2224262295082,0.0,0.0,0.0,0.0,0.0,0.0,0,0,0
2015,13,sainz,toro_rosso,marina_bay,14,2.5799999999999983,0.8299999999999983,9.0,39.0,0.0,1,0,7334.978,Finished,52.85999999999967,61,120.24554098360656,0.0,0.0,0.0,0.0,0.0,0.0,0,0,0
2015,13,nasr,sauber,marina_bay,16,3.0799999999999983,-0.12299999999999045,16.0,25.0,0.0,1,0,7372.1630000000005,Finished,90.04500000000007,61,120.85513114754099,0.0,0.0,0.0,0.0,0.0,0.0,0,0,0
2015,13,ericsson,sauber,marina_bay,17,3.2029999999999887,0.12299999999999045,9.0,26.0,1.3333333333333333,1,0,7374.4016,Finished,97.5069999999996,61,120.89182950819672,0.0,0.0,0.0,0.0,0.0,0.0,0,0,0
2015,13,maldonado,lotus_f1,marina_bay,18,3.437999999999988,1.5179999999999865,12.0,50.0,0.0,1,0,7374.4016,Finished,97.71799999999985,61,120.89182950819672,0.0,0.0,0.0,0.0,0.0,0.0,0,0,0
2015,13,grosjean,lotus_f1,marina_bay,10,1.9200000000000017,-1.5179999999999865,38.0,50.0,7.0,1,0,,Tyre,,59,,0.0,0.0,0.0,0.0,0.0,0.0,0,0,0
2015,13,rossi,manor_marussia,marina_bay,20,7.637999999999991,0.5019999999999953,0.0,0.0,0.0,1,0,,+2 Laps,,59,,0.0,0.0,0.0,0.0,0.0,0.0,0,0,0
2015,13,stevens,manor_marussia,marina_bay,19,7.135999999999996,-0.5019999999999953,0.0,0.0,0.0,1,0,,+2 Laps,,59,,0.0,0.0,0.0,0.0,0.0,0.0,0,0,0
2015,13,button,mclaren,marina_bay,15,2.0060000000000002,-0.4369999999999976,6.0,17.0,0.6666666666666666,1,0,,Gearbox,,52,,0.0,0.0,0.0,0.0,0.0,0.0,0,0,0
2015,13,alonso,mclaren,marina_bay,12,2.442999999999998,0.4369999999999976,11.0,17.0,3.3333333333333335,1,0,,Gearbox,,33,,0.0,0.0,0.0,0.0,0.0,0.0,0,0,0
2015,13,hamilton,mercedes,marina_bay,5,1.414999999999992,-0.1150000000000091,252.0,463.0,19.333333333333332,1,0,,Throttle,,32,,0.0,0.0,0.0,0.0,0.0,0.0,0,0,0
2015,13,massa,williams,marina_bay,9,1.8159999999999883,0.024999999999991473,97.0,198.0,7.666666666666667,1,0,,Gearbox,,30,,0.0,0.0,0.0,0.0,0.0,0.0,0,0,0
2015,13,h_lkenberg,force_india,marina_bay,11,2.4200000000000017,-0.0799999999999983,30.0,69.0,2.0,1,0,,Collision,,12,,0.0,0.0,0.0,0.0,0.0,0.0,0,0,0
2015,14,hamilton,mercedes,suzuka,2,0.0759999999999934,0.0759999999999934,252.0,463.0,16.666666666666668,0,0,5286.508,Finished,0.0,53,99.74543396226414,0.0,0.0,0.0,0.0,0.0,0.0,0,0,0
2015,14,rosberg,mercedes,suzuka,1,0.0,-0.0759999999999934,211.0,488.0,10.0,0,0,5305.472,Finished,18.963999999999942,53,100.10324528301886,0.0,0.0,0.0,0.0,0.0,0.0,0,0,0
2015,14,vettel,ferrari,suzuka,4,0.6610000000000014,-0.10199999999998965,203.0,310.0,14.333333333333334,0,0,5307.358,Finished,20.850000000000364,53,100.13883018867925,0.0,0.0,0.0,0.0,0.0,0.0,0,0,0
2015,14,r_ikk_nen,ferrari,suzuka,6,0.762999999999991,0.10199999999998965,107.0,325.0,10.333333333333334,0,0,5320.276,Finished,33.76800000000003,53,100.38256603773584,0.0,0.0,0.0,0.0,0.0,0.0,0,0,0
2015,14,bottas,williams,suzuka,3,0.4399999999999977,-0.3130000000000024,101.0,198.0,8.0,0,0,5323.254,Finished,36.746000000000095,53,100.43875471698114,0.0,0.0,0.0,0.0,0.0,0.0,0,0,0
2015,14,h_lkenberg,force_india,suzuka,11,1.8059999999999974,0.21599999999999397,30.0,69.0,2.0,0,0,5342.067,Finished,55.5590000000002,53,100.79371698113208,0.0,0.0,0.0,0.0,0.0,0.0,0,0,0
2015,14,grosjean,lotus_f1,suzuka,8,1.3829999999999956,-0.5300000000000011,38.0,50.0,5.0,0,0,5358.806,Finished,72.29799999999977,53,101.10954716981131,0.0,0.0,0.0,0.0,0.0,0.0,0,0,0
2015,14,maldonado,lotus_f1,suzuka,13,1.9129999999999967,0.5300000000000011,12.0,56.0,0.0,0,0,5360.083,Finished,73.57499999999982,53,101.13364150943396,0.0,0.0,0.0,0.0,0.0,0.0,0,0,0
2015,14,verstappen,toro_rosso,suzuka,15,1.9380000000000024,0.06900000000000261,30.0,41.0,2.6666666666666665,0,0,5381.822999999999,Finished,95.3149999999996,53,101.54383018867924,0.0,0.0,0.0,0.0,0.0,0.0,0,0,0
2015,14,sainz,toro_rosso,suzuka,12,1.8689999999999998,-0.06900000000000261,11.0,43.0,0.6666666666666666,0,0,,+1 Lap,,52,,0.0,0.0,0.0,0.0,0.0,0.0,0,0,0
2015,14,alonso,mclaren,suzuka,14,2.2009999999999934,-0.8790000000000049,11.0,17.0,0.0,0,0,,+1 Lap,,52,,0.0,0.0,0.0,0.0,0.0,0.0,0,0,0
2015,14,p_rez,force_india,suzuka,9,1.5900000000000034,-0.21599999999999397,39.0,77.0,8.0,0,0,,+1 Lap,,52,,0.0,0.0,0.0,0.0,0.0,0.0,0,0,0
2015,14,kvyat,red_bull,suzuka,10,1.6169999999999902,0.7039999999999935,66.0,139.0,7.0,0,0,,+1 Lap,,52,,0.0,0.0,0.0,0.0,0.0,0.0,0,0,0
2015,14,ericsson,sauber,suzuka,17,3.0889999999999986,-0.0870000000000033,9.0,26.0,1.0,0,0,,+1 Lap,,52,,0.0,0.0,0.0,0.0,0.0,0.0,0,0,0
2015,14,ricciardo,red_bull,suzuka,7,0.9129999999999967,-0.7039999999999935,73.0,139.0,7.333333333333333,0,0,,+1 Lap,,52,,0.0,0.0,0.0,0.0,0.0,0.0,0,0,0
2015,14,button,mclaren,suzuka,16,3.0799999999999983,0.8790000000000049,6.0,17.0,0.0,0,0,,+1 Lap,,52,,0.0,0.0,0.0,0.0,0.0,0.0,0,0,0
2015,14,massa,williams,suzuka,5,0.7530000000000001,0.3130000000000024,97.0,208.0,7.666666666666667,0,0,,+2 Laps,,51,,0.0,0.0,0.0,0.0,0.0,0.0,0,0,0
2015,14,rossi,manor_marussia,suzuka,20,14.530000000000001,8.331000000000003,0.0,0.0,0.0,0,0,,+2 Laps,,51,,0.0,0.0,0.0,0.0,0.0,0.0,0,0,0
2015,14,stevens,manor_marussia,suzuka,19,6.198999999999998,-8.331000000000003,0.0,0.0,0.0,0,0,,+3 Laps,,50,,0.0,0.0,0.0,0.0,0.0,0.0,0,0,0
2015,14,nasr,sauber,suzuka,18,3.176000000000002,0.0870000000000033,17.0,26.0,0.3333333333333333,0,0,,Retired,,49,,0.0,0.0,0.0,0.0,0.0,0.0,0,0,0
2015,15,hamilton,mercedes,sochi,2,0.3200000000000074,0.3200000000000074,277.0,506.0,16.666666666666668,0,0,5831.024,Finished,0.0,53,110.01932075471699,0.0,0.0,0.0,0.0,0.0,0.0,0,0,0
2015,15,vettel,ferrari,sochi,4,0.8520000000000039,-0.25900000000000034,218.0,337.0,19.333333333333332,0,0,5836.977000000001,Finished,5.953000000000429,53,110.13164150943398,0.0,0.0,0.0,0.0,0.0,0.0,0,0,0
2015,15,p_rez,force_india,sochi,7,1.578000000000003,0.031999999999996476,39.0,77.0,4.666666666666667,0,0,5859.942,Finished,28.917999999999665,53,110.56494339622641,0.0,0.0,0.0,0.0,0.0,0.0,0,0,0
2015,15,massa,williams,sochi,15,1.8130000000000024,1.0139999999999958,97.0,208.0,5.0,0,0,5869.8550000000005,Finished,38.83100000000013,53,110.75198113207549,0.0,0.0,0.0,0.0,0.0,0.0,0,0,0
2015,15,kvyat,red_bull,sochi,11,2.100999999999999,0.20900000000000318,66.0,139.0,3.0,0,0,5878.59,Finished,47.5659999999998,53,110.9167924528302,0.0,0.0,0.0,0.0,0.0,0.0,0,0,0
2015,15,nasr,sauber,sochi,12,2.2099999999999937,-1.3370000000000033,17.0,26.0,0.3333333333333333,0,0,5887.532,Finished,56.50799999999981,53,111.08550943396227,0.0,0.0,0.0,0.0,0.0,0.0,0,0,0
2015,15,maldonado,lotus_f1,sochi,14,2.611000000000004,0.9699999999999989,16.0,60.0,1.3333333333333333,0,0,5892.112,Finished,61.08799999999974,53,111.17192452830189,0.0,0.0,0.0,0.0,0.0,0.0,0,0,0
2015,15,r_ikk_nen,ferrari,sochi,5,1.1110000000000042,0.25900000000000034,119.0,355.0,12.333333333333334,0,0,5903.3820000000005,Finished,72.35800000000017,53,111.38456603773587,0.0,0.0,0.0,0.0,0.0,0.0,0,0,0
2015,15,button,mclaren,sochi,13,2.6260000000000048,-0.40500000000000114,6.0,17.0,0.0,0,0,5910.491,Finished,79.46699999999964,53,111.51869811320755,0.0,0.0,0.0,0.0,0.0,0.0,0,0,0
2015,15,verstappen,toro_rosso,sochi,9,1.811000000000007,0.0,32.0,44.0,2.0,0,0,5919.448,Finished,88.42399999999998,53,111.68769811320756,0.0,0.0,0.0,0.0,0.0,0.0,0,0,0
2015,15,alonso,mclaren,sochi,16,3.031000000000006,0.40500000000000114,11.0,19.0,0.0,0,0,5922.234,Finished,91.21000000000004,53,111.7402641509434,0.0,0.0,0.0,0.0,0.0,0.0,0,0,0
2015,15,bottas,williams,sochi,3,0.7990000000000066,-1.0139999999999958,111.0,220.0,10.666666666666666,0,0,,Collision,,52,,0.0,0.0,0.0,0.0,0.0,0.0,0,0,0
2015,15,merhi,manor_marussia,sochi,19,6.6910000000000025,0.1110000000000042,0.0,0.0,0.0,0,0,,+1 Lap,,52,,0.0,0.0,0.0,0.0,0.0,0.0,0,0,0
2015,15,stevens,manor_marussia,sochi,18,6.579999999999998,-0.1110000000000042,0.0,0.0,0.0,0,0,,+2 Laps,,51,,0.0,0.0,0.0,0.0,0.0,0.0,0,0,0
2015,15,ricciardo,red_bull,sochi,10,1.891999999999996,-0.20900000000000318,73.0,149.0,7.333333333333333,0,0,,Suspension,,47,,0.0,0.0,0.0,0.0,0.0,0.0,0,0,0
2015,15,sainz,toro_rosso,sochi,-1,2.2009164420485177,0.0,12.0,45.0,1.0,0,0,,Brakes,,45,,0.0,0.0,0.0,0.0,0.0,0.0,0,0,0
2015,15,grosjean,lotus_f1,sochi,8,1.6410000000000053,-0.9699999999999989,44.0,66.0,2.0,0,0,,Accident,,11,,0.0,0.0,0.0,0.0,0.0,0.0,0,0,0
2015,15,rosberg,mercedes,sochi,1,0.0,-0.3200000000000074,229.0,531.0,10.0,0,0,,Throttle,,7,,0.0,0.0,0.0,0.0,0.0,0.0,0,0,0
2015,15,h_lkenberg,force_india,sochi,6,1.5460000000000065,-0.031999999999996476,38.0,92.0,4.666666666666667,0,0,,Collision,,0,,0.0,0.0,0.0,0.0,0.0,0.0,0,0,0
2015,15,ericsson,sauber,sochi,17,3.546999999999997,1.3370000000000033,9.0,34.0,0.6666666666666666,0,0,,Collision,,0,,0.0,0.0,0.0,0.0,0.0,0.0,0,0,0
2015,16,hamilton,mercedes,austin,2,0.37599999999999056,0.19999999999998863,302.0,531.0,16.666666666666668,0,0,6652.703,Finished,0.0,56,118.79826785714286,0.0,0.0,0.0,0.0,0.0,0.0,0,0,0
2015,16,rosberg,mercedes,austin,1,0.17600000000000193,-0.19999999999998863,229.0,556.0,10.0,0,0,6655.553000000001,Finished,2.850000000000364,56,118.84916071428573,0.0,0.0,0.0,0.0,0.0,0.0,0,0,0
2015,16,vettel,ferrari,austin,5,2.100999999999999,0.39800000000001035,236.0,359.0,19.333333333333332,0,0,6656.084000000001,Finished,3.381000000000313,56,118.85864285714287,0.0,0.0,0.0,0.0,0.0,0.0,0,0,0
2015,16,verstappen,toro_rosso,austin,10,2.1939999999999884,-8.615000000000009,33.0,45.0,2.3333333333333335,0,0,6675.062000000001,Finished,22.35900000000038,56,119.19753571428573,0.0,0.0,0.0,0.0,0.0,0.0,0,0,0
2015,16,p_rez,force_india,austin,6,2.714999999999989,0.8849999999999909,54.0,92.0,7.0,0,0,6677.116,Finished,24.412999999999556,56,119.23421428571429,0.0,0.0,0.0,0.0,0.0,0.0,0,0,0
2015,16,button,mclaren,austin,14,3.765999999999991,0.5570000000000022,8.0,19.0,0.6666666666666666,0,0,6680.761,Finished,28.057999999999993,56,119.29930357142858,0.0,0.0,0.0,0.0,0.0,0.0,0,0,0
2015,16,sainz,toro_rosso,austin,20,10.808999999999997,8.615000000000009,12.0,57.0,1.0,0,0,6683.322,Finished,30.618999999999687,56,119.34503571428571,0.0,0.0,0.0,0.0,0.0,0.0,0,0,0
2015,16,maldonado,lotus_f1,austin,15,4.3489999999999895,0.6079999999999899,22.0,66.0,3.3333333333333335,0,0,6684.976000000001,Finished,32.27300000000014,56,119.37457142857144,0.0,0.0,0.0,0.0,0.0,0.0,0,0,0
2015,16,nasr,sauber,austin,17,6.698999999999998,0.9819999999999993,25.0,34.0,3.0,0,0,6692.96,Finished,40.25699999999961,56,119.51714285714286,0.0,0.0,0.0,0.0,0.0,0.0,0,0,0
2015,16,ricciardo,red_bull,austin,3,0.0,-1.144999999999996,73.0,149.0,6.0,0,0,6706.0740000000005,Finished,53.371000000000095,56,119.75132142857144,0.0,0.0,0.0,0.0,0.0,0.0,0,0,0
2015,16,alonso,mclaren,austin,11,3.208999999999989,-0.5570000000000022,11.0,27.0,0.0,0,0,6707.519,Finished,54.8159999999998,56,119.777125,0.0,0.0,0.0,0.0,0.0,0.0,0,0,0
2015,16,rossi,manor_marussia,austin,18,7.680999999999997,-0.3499999999999943,0.0,0.0,0.0,0,0,6727.9800000000005,Finished,75.27700000000004,56,120.14250000000001,0.0,0.0,0.0,0.0,0.0,0.0,0,0,0
2015,16,kvyat,red_bull,austin,4,1.144999999999996,1.144999999999996,76.0,150.0,6.0,0,0,,Accident,,41,,0.0,0.0,0.0,0.0,0.0,0.0,0,0,0
2015,16,h_lkenberg,force_india,austin,7,1.8299999999999983,-0.8849999999999909,38.0,102.0,2.6666666666666665,0,0,,Accident,,35,,0.0,0.0,0.0,0.0,0.0,0.0,0,0,0
2015,16,ericsson,sauber,austin,16,5.716999999999999,-0.9819999999999993,9.0,36.0,0.0,0,0,,Retired,,25,,0.0,0.0,0.0,0.0,0.0,0.0,0,0,0
2015,16,r_ikk_nen,ferrari,austin,8,1.7029999999999887,-0.39800000000001035,123.0,374.0,10.333333333333334,0,0,,Brake duct,,25,,0.0,0.0,0.0,0.0,0.0,0.0,0,0,0
2015,16,massa,williams,austin,9,3.5039999999999907,0.4299999999999926,109.0,220.0,4.0,0,0,,Retired,,23,,0.0,0.0,0.0,0.0,0.0,0.0,0,0,0
2015,16,grosjean,lotus_f1,austin,13,3.7409999999999997,-0.6079999999999899,44.0,70.0,2.0,0,0,,Retired,,10,,0.0,0.0,0.0,0.0,0.0,0.0,0,0,0
2015,16,bottas,williams,austin,12,3.073999999999998,-0.4299999999999926,111.0,220.0,6.666666666666667,0,0,,Retired,,5,,0.0,0.0,0.0,0.0,0.0,0.0,0,0,0
2015,16,stevens,manor_marussia,austin,19,8.030999999999992,0.3499999999999943,0.0,0.0,0.0,0,0,,Retired,,1,,0.0,0.0,0.0,0.0,0.0,0.0,0,0,0
2015,17,rosberg,mercedes,mexico_city,1,0.0,-0.1880000000000024,247.0,574.0,12.0,0,0,6155.038,Finished,0.0,71,86.69067605633802,0.0,0.0,0.0,0.0,0.0,0.0,0,0,0
2015,17,hamilton,mercedes,mexico_city,2,0.1880000000000024,0.1880000000000024,327.0,599.0,25.0,0,0,6156.991999999999,Finished,1.9539999999997235,71,86.71819718309858,0.0,0.0,0.0,0.0,0.0,0.0,0,0,0
2015,17,bottas,williams,mexico_city,6,0.9679999999999893,-0.11899999999999977,111.0,220.0,3.3333333333333335,0,0,6169.629999999999,Finished,14.591999999999643,71,86.89619718309858,0.0,0.0,0.0,0.0,0.0,0.0,0,0,0
2015,17,kvyat,red_bull,mexico_city,4,0.9179999999999922,-0.0010000000000047748,76.0,150.0,3.3333333333333335,0,0,6171.61,Finished,16.572000000000116,71,86.92408450704225,0.0,0.0,0.0,0.0,0.0,0.0,0,0,0
2015,17,ricciardo,red_bull,mexico_city,5,0.9189999999999969,0.0010000000000047748,74.0,162.0,0.3333333333333333,0,0,6174.719999999999,Finished,19.68199999999979,71,86.96788732394366,0.0,0.0,0.0,0.0,0.0,0.0,0,0,0
2015,17,massa,williams,mexico_city,7,1.086999999999989,0.11899999999999977,109.0,235.0,4.0,0,0,6176.531,Finished,21.493000000000393,71,86.99339436619718,0.0,0.0,0.0,0.0,0.0,0.0,0,0,0
2015,17,h_lkenberg,force_india,mexico_city,10,1.3079999999999927,0.11899999999999977,38.0,102.0,2.6666666666666665,0,0,6180.897999999999,Finished,25.859999999999673,71,87.05490140845069,0.0,0.0,0.0,0.0,0.0,0.0,0,0,0
2015,17,p_rez,force_india,mexico_city,9,1.188999999999993,-0.11899999999999977,64.0,108.0,8.333333333333334,0,0,6189.380999999999,Finished,34.34299999999985,71,87.17438028169013,0.0,0.0,0.0,0.0,0.0,0.0,0,0,0
2015,17,verstappen,toro_rosso,mexico_city,8,1.2299999999999898,-0.23199999999999932,45.0,63.0,5.0,0,0,6190.267,Finished,35.22900000000027,71,87.18685915492958,0.0,0.0,0.0,0.0,0.0,0.0,0,0,0
2015,17,grosjean,lotus_f1,mexico_city,12,1.5579999999999927,-0.22299999999999898,44.0,70.0,2.0,0,0,6192.972,Finished,37.9340000000002,71,87.22495774647886,0.0,0.0,0.0,0.0,0.0,0.0,0,0,0
2015,17,maldonado,lotus_f1,mexico_city,13,1.7809999999999917,0.22299999999999898,26.0,71.0,4.666666666666667,0,0,6193.575999999999,Finished,38.537999999999556,71,87.23346478873238,0.0,0.0,0.0,0.0,0.0,0.0,0,0,0
2015,17,ericsson,sauber,mexico_city,14,1.8190000000000026,-0.4889999999999901,9.0,36.0,0.0,0,0,6195.218,Finished,40.18000000000029,71,87.25659154929578,0.0,0.0,0.0,0.0,0.0,0.0,0,0,0
2015,17,sainz,toro_rosso,mexico_city,11,1.461999999999989,0.23199999999999932,18.0,65.0,2.3333333333333335,0,0,6203.8099999999995,Finished,48.771999999999935,71,87.37760563380282,0.0,0.0,0.0,0.0,0.0,0.0,0,0,0
2015,17,button,mclaren,mexico_city,20,2.2009164420485177,0.0,16.0,27.0,3.3333333333333335,0,0,6204.2519999999995,Finished,49.21399999999994,71,87.38383098591548,0.0,0.0,0.0,0.0,0.0,0.0,0,0,0
2015,17,rossi,manor_marussia,mexico_city,18,4.655999999999992,-0.25,0.0,0.0,0.0,0,0,,+2 Laps,,69,,0.0,0.0,0.0,0.0,0.0,0.0,0,0,0
2015,17,stevens,manor_marussia,mexico_city,19,4.905999999999992,0.25,0.0,0.0,0.0,0,0,,+2 Laps,,69,,0.0,0.0,0.0,0.0,0.0,0.0,0,0,0
2015,17,nasr,sauber,mexico_city,17,2.3079999999999927,0.4889999999999901,27.0,36.0,3.3333333333333335,0,0,,Brakes,,57,,0.0,0.0,0.0,0.0,0.0,0.0,0,0,0
2015,17,vettel,ferrari,mexico_city,3,0.36999999999999034,-1.5720000000000027,251.0,374.0,16.0,0,0,,Accident,,50,,0.0,0.0,0.0,0.0,0.0,0.0,0,0,0
2015,17,r_ikk_nen,ferrari,mexico_city,15,1.941999999999993,1.5720000000000027,123.0,374.0,5.333333333333333,0,0,,Collision,,21,,0.0,0.0,0.0,0.0,0.0,0.0,0,0,0
2015,17,alonso,mclaren,mexico_city,16,2.2989999999999924,0.0,11.0,27.0,0.0,0,0,,Retired,,1,,0.0,0.0,0.0,0.0,0.0,0.0,0,0,0
2015,18,rosberg,mercedes,s_o_paulo,1,0.0,-0.07800000000000296,272.0,617.0,14.333333333333334,0,0,5469.09,Finished,0.0,71,77.02943661971831,0.0,0.0,0.0,0.0,0.0,0.0,0,0,0
2015,18,hamilton,mercedes,s_o_paulo,2,0.07800000000000296,0.07800000000000296,345.0,642.0,22.666666666666668,0,0,5476.8460000000005,Finished,7.756000000000313,71,77.13867605633803,0.0,0.0,0.0,0.0,0.0,0.0,0,0,0
2015,18,vettel,ferrari,s_o_paulo,3,0.5220000000000056,-0.3400000000000034,251.0,374.0,11.0,0,0,5483.334,Finished,14.243999999999687,71,77.23005633802816,0.0,0.0,0.0,0.0,0.0,0.0,0,0,0
2015,18,r_ikk_nen,ferrari,s_o_paulo,5,0.862000000000009,0.3400000000000034,123.0,389.0,1.3333333333333333,0,0,5516.633,Finished,47.542999999999665,71,77.69905633802817,0.0,0.0,0.0,0.0,0.0,0.0,0,0,0
2015,18,bottas,williams,s_o_paulo,4,0.8029999999999973,-0.3300000000000125,126.0,243.0,5.0,0,0,,+1 Lap,,70,,0.0,0.0,0.0,0.0,0.0,0.0,0,0,0
2015,18,h_lkenberg,force_india,s_o_paulo,6,0.9830000000000041,-0.875,44.0,112.0,2.0,0,0,,+1 Lap,,70,,0.0,0.0,0.0,0.0,0.0,0.0,0,0,0
2015,18,kvyat,red_bull,s_o_paulo,7,1.0400000000000063,-0.09499999999999886,88.0,172.0,7.333333333333333,0,0,,+1 Lap,,70,,0.0,0.0,0.0,0.0,0.0,0.0,0,0,0
2015,18,grosjean,lotus_f1,s_o_paulo,15,1.774000000000001,-0.32900000000000773,45.0,71.0,0.3333333333333333,0,0,,+1 Lap,,70,,0.0,0.0,0.0,0.0,0.0,0.0,0,0,0
2015,18,verstappen,toro_rosso,s_o_paulo,10,1.4300000000000068,-0.3329999999999984,47.0,65.0,5.0,0,0,,+1 Lap,,70,,0.0,0.0,0.0,0.0,0.0,0.0,0,0,0
2015,18,maldonado,lotus_f1,s_o_paulo,16,2.1030000000000086,0.32900000000000773,26.0,75.0,3.3333333333333335,0,0,,+1 Lap,,70,,0.0,0.0,0.0,0.0,0.0,0.0,0,0,0
2015,18,ricciardo,red_bull,s_o_paulo,9,1.1350000000000051,0.09499999999999886,84.0,178.0,3.6666666666666665,0,0,,+1 Lap,,70,,0.0,0.0,0.0,0.0,0.0,0.0,0,0,0
2015,18,p_rez,force_india,s_o_paulo,13,1.858000000000004,0.875,68.0,120.0,9.666666666666666,0,0,,+1 Lap,,70,,0.0,0.0,0.0,0.0,0.0,0.0,0,0,0
2015,18,nasr,sauber,s_o_paulo,11,1.7070000000000078,-0.24399999999999977,27.0,36.0,3.3333333333333335,0,0,,+1 Lap,,70,,0.0,0.0,0.0,0.0,0.0,0.0,0,0,0
2015,18,button,mclaren,s_o_paulo,17,2.1430000000000007,0.0,16.0,27.0,3.3333333333333335,0,0,,+1 Lap,,70,,0.0,0.0,0.0,0.0,0.0,0.0,0,0,0
2015,18,alonso,mclaren,s_o_paulo,20,2.2009164420485177,0.0,11.0,27.0,0.0,0,0,,+1 Lap,,70,,0.0,0.0,0.0,0.0,0.0,0.0,0,0,0
2015,18,ericsson,sauber,s_o_paulo,14,1.9510000000000076,0.24399999999999977,9.0,36.0,0.0,0,0,,+2 Laps,,69,,0.0,0.0,0.0,0.0,0.0,0.0,0,0,0
2015,18,stevens,manor_marussia,s_o_paulo,19,5.001000000000005,0.132000000000005,0.0,0.0,0.0,0,0,,+4 Laps,,67,,0.0,0.0,0.0,0.0,0.0,0.0,0,0,0
2015,18,rossi,manor_marussia,s_o_paulo,18,4.869,-0.132000000000005,0.0,0.0,0.0,0,0,,+4 Laps,,67,,0.0,0.0,0.0,0.0,0.0,0.0,0,0,0
2015,18,sainz,toro_rosso,s_o_paulo,12,1.7630000000000052,0.3329999999999984,18.0,67.0,2.0,0,0,,Retired,,0,,0.0,0.0,0.0,0.0,0.0,0.0,0,0,0
2015,18,massa,williams,s_o_paulo,8,1.1330000000000098,0.3300000000000125,117.0,253.0,6.666666666666667,0,0,,Excluded,,70,,0.0,0.0,0.0,0.0,0.0,0.0,0,0,0
2015,19,rosberg,mercedes,abu_dhabi,1,0.0,-0.37700000000000955,297.0,660.0,22.666666666666668,0,0,5910.175,Finished,0.0,55,107.45772727272728,0.0,0.0,0.0,0.0,0.0,0.0,0,0,0
2015,19,hamilton,mercedes,abu_dhabi,2,0.37700000000000955,0.37700000000000955,363.0,685.0,20.333333333333332,0,0,5918.446,Finished,8.27099999999973,55,107.6081090909091,0.0,0.0,0.0,0.0,0.0,0.0,0,0,0
2015,19,r_ikk_nen,ferrari,abu_dhabi,3,0.8140000000000072,-1.8900000000000006,135.0,401.0,4.0,0,0,5929.6050000000005,Finished,19.43000000000029,55,107.811,0.0,0.0,0.0,0.0,0.0,0.0,0,0,0
2015,19,vettel,ferrari,abu_dhabi,16,2.7040000000000077,1.8900000000000006,266.0,416.0,10.0,0,0,5953.91,Finished,43.73499999999967,55,108.25290909090909,0.0,0.0,0.0,0.0,0.0,0.0,0,0,0
2015,19,p_rez,force_india,abu_dhabi,4,0.9470000000000027,-0.5020000000000095,68.0,120.0,4.666666666666667,0,0,5974.127,Finished,63.952000000000226,55,108.62049090909092,0.0,0.0,0.0,0.0,0.0,0.0,0,0,0
2015,19,ricciardo,red_bull,abu_dhabi,5,1.2070000000000078,-0.4890000000000043,84.0,178.0,3.6666666666666665,0,0,5975.185,Finished,65.01000000000022,55,108.63972727272728,0.0,0.0,0.0,0.0,0.0,0.0,0,0,0
2015,19,h_lkenberg,force_india,abu_dhabi,7,1.4490000000000123,0.5020000000000095,52.0,130.0,4.666666666666667,0,0,6003.793000000001,Finished,93.6180000000004,55,109.15987272727274,0.0,0.0,0.0,0.0,0.0,0.0,0,0,0
2015,19,massa,williams,abu_dhabi,8,1.5220000000000056,0.10299999999999443,117.0,253.0,2.6666666666666665,0,0,6007.926,Finished,97.7510000000002,55,109.23501818181819,0.0,0.0,0.0,0.0,0.0,0.0,0,0,0
2015,19,grosjean,lotus_f1,abu_dhabi,15,2.347999999999999,-0.2220000000000084,49.0,76.0,1.6666666666666667,0,0,6008.376,Finished,98.20100000000002,55,109.2432,0.0,0.0,0.0,0.0,0.0,0.0,0,0,0
2015,19,kvyat,red_bull,abu_dhabi,9,1.6960000000000122,0.4890000000000043,94.0,186.0,6.0,0,0,6012.546,Finished,102.32899999999981,55,109.31901818181818,0.0,0.0,0.0,0.0,0.0,0.0,0,0,0
2015,19,sainz,toro_rosso,abu_dhabi,10,2.2450000000000045,-0.03900000000000148,18.0,67.0,2.0,0,0,6013.7,Finished,102.32899999999981,55,109.34,0.0,0.0,0.0,0.0,0.0,0.0,0,0,0
2015,19,button,mclaren,abu_dhabi,12,2.3329999999999984,-0.6170000000000044,16.0,27.0,2.6666666666666665,0,0,,+1 Lap,,54,,0.0,0.0,0.0,0.0,0.0,0.0,0,0,0
2015,19,bottas,williams,abu_dhabi,6,1.4190000000000111,-0.10299999999999443,136.0,257.0,8.333333333333334,0,0,,+1 Lap,,54,,0.0,0.0,0.0,0.0,0.0,0.0,0,0,0
2015,19,ericsson,sauber,abu_dhabi,18,3.600999999999999,0.9419999999999931,9.0,36.0,0.0,0,0,,+1 Lap,,54,,0.0,0.0,0.0,0.0,0.0,0.0,0,0,0
2015,19,nasr,sauber,abu_dhabi,14,2.659000000000006,-0.9419999999999931,27.0,36.0,0.6666666666666666,0,0,,+1 Lap,,54,,0.0,0.0,0.0,0.0,0.0,0.0,0,0,0
2015,19,verstappen,toro_rosso,abu_dhabi,11,2.284000000000006,0.03900000000000148,49.0,67.0,5.333333333333333,0,0,,+1 Lap,,54,,0.0,0.0,0.0,0.0,0.0,0.0,0,0,0
2015,19,alonso,mclaren,abu_dhabi,17,2.950000000000003,0.6170000000000044,11.0,27.0,0.0,0,0,,+2 Laps,,53,,0.0,0.0,0.0,0.0,0.0,0.0,0,0,0
2015,19,stevens,manor_marussia,abu_dhabi,19,6.060000000000002,-1.1370000000000005,0.0,0.0,0.0,0,0,,+2 Laps,,53,,0.0,0.0,0.0,0.0,0.0,0.0,0,0,0
2015,19,merhi,manor_marussia,abu_dhabi,20,7.197000000000003,1.1370000000000005,0.0,0.0,0.0,0,0,,+3 Laps,,52,,0.0,0.0,0.0,0.0,0.0,0.0,0,0,0
2015,19,maldonado,lotus_f1,abu_dhabi,13,2.5700000000000074,0.2220000000000084,27.0,78.0,1.6666666666666667,0,0,,Collision,,0,,0.0,0.0,0.0,0.0,0.0,0.0,0,0,0
