year,round,event,driver,team,quali_position,avg_race_lap_time_s,lap_delta_vs_event_mean_s,finish_position,points_awarded,prev_points_total,rolling_points_last3,driver_points_per_race,team_prev_points_total,team_points_per_race,scored_points
2018,1,Australian Grand Prix,VET,Ferrari,3.0,88.05784313725489,-1.1607544723068628,1,25.0,0.0,0.0,0.0,0.0,0.0,1
2018,1,Australian Grand Prix,HAM,Mercedes,1.0,87.96932653061225,-1.249271078949505,2,18.0,0.0,0.0,0.0,0.0,0.0,1
2018,1,Australian Grand Prix,RAI,Ferrari,2.0,88.05714285714284,-1.1614547524189192,3,15.0,0.0,0.0,0.0,25.0,25.0,1
2018,1,Australian Grand Prix,RIC,Red Bull Racing,5.0,88.61956862745097,-0.5990289821107808,4,12.0,0.0,0.0,0.0,0.0,0.0,1
2018,1,Australian Grand Prix,ALO,McLaren,11.0,89.14454901960785,-0.07404858995390384,5,10.0,0.0,0.0,0.0,0.0,0.0,1
2018,1,Australian Grand Prix,VER,Red Bull Racing,4.0,88.93770212765956,-0.28089548190219205,6,8.0,0.0,0.0,0.0,12.0,12.0,1
2018,1,Australian Grand Prix,HUL,Renault,8.0,89.11999999999999,-0.09859760956176444,7,6.0,0.0,0.0,0.0,0.0,0.0,1
2018,1,Australian Grand Prix,BOT,Mercedes,10.0,89.3206875,0.10208989043825056,8,4.0,0.0,0.0,0.0,18.0,18.0,1
2018,1,Australian Grand Prix,VAN,McLaren,12.0,89.31820833333332,0.099610723771562,9,2.0,0.0,0.0,0.0,10.0,10.0,1
2018,1,Australian Grand Prix,SAI,Renault,9.0,89.35380434782608,0.13520673826432983,10,1.0,0.0,0.0,0.0,6.0,6.0,1
2018,1,Australian Grand Prix,PER,Force India,13.0,89.51073913043477,0.2921415208730167,11,0.0,0.0,0.0,0.0,0.0,0.0,0
2018,1,Australian Grand Prix,OCO,Force India,15.0,89.69455813953488,0.475960529973122,12,0.0,0.0,0.0,0.0,0.0,0.0,0
2018,1,Australian Grand Prix,LEC,Sauber,18.0,89.950575,0.7319773904382458,13,0.0,0.0,0.0,0.0,0.0,0.0,0
2018,1,Australian Grand Prix,STR,Williams,14.0,90.27055813953487,1.0519605299731154,14,0.0,0.0,0.0,0.0,0.0,0.0,0
2018,1,Australian Grand Prix,HAR,Toro Rosso,16.0,90.2903409090909,1.071743299529146,15,0.0,0.0,0.0,0.0,0.0,0.0,0
2018,1,Australian Grand Prix,GRO,Haas F1 Team,7.0,90.24495454545455,1.0263569358927924,16,0.0,0.0,0.0,0.0,0.0,0.0,0
2018,1,Australian Grand Prix,MAG,Haas F1 Team,6.0,90.3485,1.1299023904382466,17,0.0,0.0,0.0,0.0,0.0,0.0,0
2018,1,Australian Grand Prix,GAS,Toro Rosso,20.0,91.06600000000002,1.847402390438262,18,0.0,0.0,0.0,0.0,0.0,0.0,0
2018,1,Australian Grand Prix,ERI,Sauber,17.0,91.63010092551778,0.14061943768871524,19,0.0,0.0,0.0,0.0,0.0,0.0,0
2018,1,Australian Grand Prix,SIR,Williams,19.0,91.63010092551778,0.14061943768871524,20,0.0,0.0,0.0,0.0,0.0,0.0,0
2018,2,Bahrain Grand Prix,VET,Ferrari,1.0,95.44844230769232,-1.090186296690618,1,25.0,25.0,25.0,25.0,40.0,20.0,1
2018,2,Bahrain Grand Prix,BOT,Mercedes,3.0,95.42942307692306,-1.1092055274598778,2,18.0,4.0,4.0,4.0,22.0,11.0,1
2018,2,Bahrain Grand Prix,HAM,Mercedes,4.0,95.25668,-1.281948604382933,3,15.0,18.0,18.0,18.0,40.0,13.333333333333334,1
2018,2,Bahrain Grand Prix,GAS,Toro Rosso,6.0,96.04665999999999,-0.4919686043829472,4,12.0,0.0,0.0,0.0,0.0,0.0,1
2018,2,Bahrain Grand Prix,MAG,Haas F1 Team,7.0,96.30617647058823,-0.23245213379470897,5,10.0,0.0,0.0,0.0,0.0,0.0,1
2018,2,Bahrain Grand Prix,HUL,Renault,8.0,96.48207999999997,-0.05654860438296794,6,8.0,6.0,6.0,6.0,7.0,3.5,1
2018,2,Bahrain Grand Prix,ALO,McLaren,13.0,96.46581632653059,-0.0728122778523499,7,6.0,10.0,10.0,10.0,12.0,6.0,1
2018,2,Bahrain Grand Prix,VAN,McLaren,14.0,96.73179591836735,0.1931673139844179,8,4.0,2.0,2.0,2.0,18.0,6.0,1
2018,2,Bahrain Grand Prix,ERI,Sauber,17.0,97.19689999999999,0.6582713956170494,9,2.0,0.0,0.0,0.0,0.0,0.0,1
2018,2,Bahrain Grand Prix,OCO,Force India,9.0,96.99058333333333,0.45195472895039757,10,1.0,0.0,0.0,0.0,0.0,0.0,1
2018,2,Bahrain Grand Prix,SAI,Renault,10.0,97.03858333333335,0.4999547289504136,11,0.0,1.0,1.0,1.0,15.0,5.0,0
2018,2,Bahrain Grand Prix,LEC,Sauber,19.0,97.20900000000002,0.6703713956170816,12,0.0,0.0,0.0,0.0,2.0,0.6666666666666666,0
2018,2,Bahrain Grand Prix,GRO,Haas F1 Team,16.0,96.71231914893616,0.1736905445532244,13,0.0,0.0,0.0,0.0,10.0,3.3333333333333335,0
2018,2,Bahrain Grand Prix,STR,Williams,20.0,97.3101914893617,0.7715628849787635,14,0.0,0.0,0.0,0.0,0.0,0.0,0
2018,2,Bahrain Grand Prix,SIR,Williams,18.0,97.39823404255318,0.8596054381702487,15,0.0,0.0,0.0,0.0,0.0,0.0,0
2018,2,Bahrain Grand Prix,PER,Force India,12.0,97.00720833333334,0.46857972895040234,16,0.0,0.0,0.0,0.0,1.0,0.3333333333333333,0
2018,2,Bahrain Grand Prix,HAR,Toro Rosso,11.0,96.81372916666668,0.2751005622837397,17,0.0,0.0,0.0,0.0,12.0,4.0,0
2018,2,Bahrain Grand Prix,RAI,Ferrari,2.0,95.7738,-0.7648286043829415,18,0.0,15.0,15.0,15.0,65.0,21.666666666666668,0
2018,2,Bahrain Grand Prix,VER,Red Bull Racing,15.0,91.63010092551778,0.14061943768871524,19,0.0,8.0,8.0,8.0,20.0,10.0,0
2018,2,Bahrain Grand Prix,RIC,Red Bull Racing,5.0,98.684,2.1453713956170617,20,0.0,12.0,12.0,12.0,20.0,6.666666666666667,0
2018,3,Chinese Grand Prix,RIC,Red Bull Racing,6.0,97.96468750000001,-1.4264268162392995,1,25.0,12.0,12.0,6.0,20.0,5.0,1
2018,3,Chinese Grand Prix,BOT,Mercedes,3.0,98.22803999999998,-1.1630743162393316,2,18.0,22.0,22.0,11.0,55.0,13.75,1
2018,3,Chinese Grand Prix,RAI,Ferrari,2.0,98.41379166666667,-0.9773226495726419,3,15.0,15.0,15.0,7.5,65.0,16.25,1
2018,3,Chinese Grand Prix,HAM,Mercedes,4.0,98.34612499999999,-1.0449893162393238,4,12.0,33.0,33.0,16.5,73.0,14.6,1
2018,3,Chinese Grand Prix,VER,Red Bull Racing,5.0,98.03251063829788,-1.3586036779414314,5,10.0,8.0,8.0,4.0,45.0,9.0,1
2018,3,Chinese Grand Prix,HUL,Renault,7.0,99.0204375,-0.37067681623931037,6,8.0,14.0,14.0,7.0,15.0,3.75,1
2018,3,Chinese Grand Prix,ALO,McLaren,13.0,99.50172340425532,0.11060908801600533,7,6.0,16.0,16.0,8.0,22.0,5.5,1
2018,3,Chinese Grand Prix,VET,Ferrari,1.0,98.51502083333332,-0.8760934829059863,8,4.0,50.0,50.0,25.0,80.0,16.0,1
2018,3,Chinese Grand Prix,SAI,Renault,9.0,99.430875,0.039760683760690085,9,2.0,1.0,1.0,0.5,23.0,4.6,1
2018,3,Chinese Grand Prix,MAG,Haas F1 Team,11.0,99.58743750000001,0.1963231837606969,10,1.0,10.0,10.0,5.0,10.0,2.5,1
2018,3,Chinese Grand Prix,OCO,Force India,12.0,99.69068750000001,0.29957318376069964,11,0.0,1.0,1.0,0.5,1.0,0.25,0
2018,3,Chinese Grand Prix,PER,Force India,8.0,99.682914893617,0.2918005773776855,12,0.0,0.0,0.0,0.0,1.0,0.2,0
2018,3,Chinese Grand Prix,VAN,McLaren,14.0,99.8351111111111,0.44399679487179355,13,0.0,6.0,6.0,3.0,28.0,5.6,0
2018,3,Chinese Grand Prix,STR,Williams,18.0,100.18842553191489,0.7973112156755775,14,0.0,0.0,0.0,0.0,0.0,0.0,0
2018,3,Chinese Grand Prix,SIR,Williams,16.0,100.35542222222223,0.9643079059829205,15,0.0,0.0,0.0,0.0,0.0,0.0,0
2018,3,Chinese Grand Prix,ERI,Sauber,20.0,100.40795652173917,1.0168422054998558,16,0.0,2.0,2.0,1.0,2.0,0.5,0
2018,3,Chinese Grand Prix,GRO,Haas F1 Team,10.0,99.74047826086957,0.3493639446302552,17,0.0,0.0,0.0,0.0,11.0,2.2,0
2018,3,Chinese Grand Prix,GAS,Toro Rosso,17.0,100.18438297872343,0.7932686624841239,18,0.0,12.0,12.0,6.0,12.0,3.0,0
2018,3,Chinese Grand Prix,LEC,Sauber,19.0,100.67945652173916,1.2883422054998448,19,0.0,0.0,0.0,0.0,2.0,0.4,0
2018,3,Chinese Grand Prix,HAR,Toro Rosso,15.0,100.4815641025641,1.0904497863247968,20,0.0,0.0,0.0,0.0,12.0,2.4,0
2018,4,Azerbaijan Grand Prix,HAM,Mercedes,2.0,106.79705714285714,-1.7302517857143016,1,25.0,45.0,45.0,15.0,85.0,14.166666666666666,1
2018,4,Azerbaijan Grand Prix,RAI,Ferrari,6.0,108.0656388888889,-0.46167003968254505,2,18.0,30.0,30.0,10.0,84.0,14.0,1
2018,4,Azerbaijan Grand Prix,PER,Force India,8.0,108.30719444444443,-0.2201144841270093,3,15.0,0.0,0.0,0.0,1.0,0.16666666666666666,1
2018,4,Azerbaijan Grand Prix,VET,Ferrari,1.0,107.2197837837838,-1.3075251447876468,4,12.0,54.0,54.0,18.0,102.0,14.571428571428571,1
2018,4,Azerbaijan Grand Prix,SAI,Renault,10.0,108.32791428571429,-0.19939464285715758,5,10.0,3.0,3.0,1.0,25.0,4.166666666666667,1
2018,4,Azerbaijan Grand Prix,LEC,Sauber,14.0,108.49370588235294,-0.033603046218502186,6,8.0,0.0,0.0,0.0,2.0,0.3333333333333333,1
2018,4,Azerbaijan Grand Prix,ALO,McLaren,13.0,109.10619999999999,0.5788910714285436,7,6.0,22.0,22.0,7.333333333333333,28.0,4.666666666666667,1
2018,4,Azerbaijan Grand Prix,STR,Williams,11.0,108.47636363636364,-0.05094529220779975,8,4.0,0.0,0.0,0.0,0.0,0.0,1
2018,4,Azerbaijan Grand Prix,VAN,McLaren,16.0,109.87534482758622,1.348035899014775,9,2.0,6.0,6.0,2.0,34.0,4.857142857142857,1
2018,4,Azerbaijan Grand Prix,HAR,Toro Rosso,19.0,110.08046666666665,1.5531577380952086,10,1.0,0.0,0.0,0.0,12.0,2.0,1
2018,4,Azerbaijan Grand Prix,ERI,Sauber,18.0,110.18550000000002,1.6581910714285755,11,0.0,2.0,2.0,0.6666666666666666,10.0,1.4285714285714286,0
2018,4,Azerbaijan Grand Prix,GAS,Toro Rosso,17.0,110.0867857142857,1.5594767857142529,12,0.0,12.0,12.0,4.0,13.0,1.8571428571428572,0
2018,4,Azerbaijan Grand Prix,MAG,Haas F1 Team,15.0,110.18725,1.6599410714285625,13,0.0,11.0,11.0,3.6666666666666665,11.0,1.8333333333333333,0
2018,4,Azerbaijan Grand Prix,BOT,Mercedes,3.0,106.89155882352941,-1.6357501050420353,14,0.0,40.0,40.0,13.333333333333334,110.0,15.714285714285714,0
2018,4,Azerbaijan Grand Prix,GRO,Haas F1 Team,20.0,108.53209375,0.0047848214285579616,15,0.0,0.0,0.0,0.0,11.0,1.5714285714285714,0
2018,4,Azerbaijan Grand Prix,VER,Red Bull Racing,5.0,107.79356250000001,-0.7337464285714361,16,0.0,18.0,18.0,6.0,55.0,9.166666666666666,0
2018,4,Azerbaijan Grand Prix,RIC,Red Bull Racing,4.0,107.57051612903224,-0.9567927995392012,17,0.0,37.0,37.0,12.333333333333334,55.0,7.857142857142857,0
2018,4,Azerbaijan Grand Prix,HUL,Renault,9.0,109.43566666666668,0.9083577380952335,18,0.0,22.0,22.0,7.333333333333333,35.0,5.0,0
2018,4,Azerbaijan Grand Prix,OCO,Force India,7.0,91.63010092551778,0.14061943768871524,19,0.0,1.0,1.0,0.3333333333333333,16.0,2.2857142857142856,0
2018,4,Azerbaijan Grand Prix,SIR,Williams,12.0,91.63010092551778,0.14061943768871524,20,0.0,0.0,0.0,0.0,4.0,0.5714285714285714,0
2018,5,Spanish Grand Prix,HAM,Mercedes,1.0,80.72883636363636,-1.2215177705290046,1,25.0,70.0,52.0,17.5,110.0,13.75,1
2018,5,Spanish Grand Prix,BOT,Mercedes,2.0,81.00076363636364,-0.9495904978017222,2,18.0,40.0,36.0,10.0,135.0,15.0,1
2018,5,Spanish Grand Prix,VER,Red Bull Racing,5.0,81.0626181818182,-0.8877359523471711,3,15.0,18.0,10.0,4.5,55.0,6.875,1
2018,5,Spanish Grand Prix,VET,Ferrari,3.0,80.95321428571428,-0.9971398484510843,4,12.0,66.0,41.0,16.5,114.0,14.25,1
2018,5,Spanish Grand Prix,RIC,Red Bull Racing,6.0,81.28420000000001,-0.6661541341653532,5,10.0,37.0,25.0,9.25,70.0,7.777777777777778,1
2018,5,Spanish Grand Prix,MAG,Haas F1 Team,7.0,82.09414285714286,0.14378872297749012,6,8.0,11.0,11.0,2.75,11.0,1.375,1
2018,5,Spanish Grand Prix,SAI,Renault,9.0,82.61354545454546,0.6631913203800934,7,6.0,13.0,12.0,3.25,35.0,4.375,1
2018,5,Spanish Grand Prix,ALO,McLaren,8.0,82.37394736842103,0.4235932342556623,8,4.0,28.0,18.0,7.0,36.0,4.5,1
2018,5,Spanish Grand Prix,PER,Force India,15.0,82.22979411764706,0.2794399834816943,9,2.0,15.0,15.0,3.75,16.0,2.0,1
2018,5,Spanish Grand Prix,LEC,Sauber,14.0,83.0146,1.0642458658346357,10,1.0,8.0,8.0,2.0,10.0,1.25,1
2018,5,Spanish Grand Prix,STR,Williams,19.0,82.84161764705881,0.8912635128934454,11,0.0,4.0,4.0,1.0,4.0,0.5,0
2018,5,Spanish Grand Prix,HAR,Toro Rosso,20.0,82.6526875,0.7023333658346331,12,0.0,1.0,1.0,0.25,13.0,1.625,0
2018,5,Spanish Grand Prix,ERI,Sauber,17.0,83.1282,1.177845865834641,13,0.0,2.0,2.0,0.5,11.0,1.2222222222222223,0
2018,5,Spanish Grand Prix,SIR,Williams,18.0,83.12895454545456,1.178600411289196,14,0.0,0.0,0.0,0.0,4.0,0.4444444444444444,0
2018,5,Spanish Grand Prix,VAN,McLaren,11.0,83.37419999999999,1.4238458658346218,15,0.0,8.0,6.0,2.0,40.0,4.444444444444445,0
2018,5,Spanish Grand Prix,OCO,Force India,13.0,83.193125,1.242770865834629,16,0.0,1.0,1.0,0.25,18.0,2.0,0
2018,5,Spanish Grand Prix,RAI,Ferrari,4.0,82.34775,0.39739586583463904,17,0.0,48.0,33.0,12.0,126.0,14.0,0
2018,5,Spanish Grand Prix,GRO,Haas F1 Team,10.0,91.63010092551778,0.14061943768871524,18,0.0,0.0,0.0,0.0,19.0,2.111111111111111,0
2018,5,Spanish Grand Prix,GAS,Toro Rosso,12.0,91.63010092551778,0.14061943768871524,19,0.0,12.0,12.0,3.0,13.0,1.4444444444444444,0
2018,5,Spanish Grand Prix,HUL,Renault,16.0,91.63010092551778,0.14061943768871524,20,0.0,22.0,16.0,5.5,41.0,4.555555555555555,0
2018,6,Monaco Grand Prix,RIC,Red Bull Racing,1.0,77.97432727272728,-0.393890338608756,1,25.0,47.0,35.0,9.4,80.0,8.0,1
2018,6,Monaco Grand Prix,VET,Ferrari,2.0,77.9924074074074,-0.37581020392863707,2,18.0,78.0,28.0,15.6,126.0,12.6,1
2018,6,Monaco Grand Prix,HAM,Mercedes,3.0,78.34501666666667,-0.023200944669369505,3,15.0,95.0,62.0,19.0,153.0,15.3,1
2018,6,Monaco Grand Prix,RAI,Ferrari,4.0,78.42820967741937,0.05999206608333907,4,12.0,48.0,33.0,9.6,144.0,13.090909090909092,1
2018,6,Monaco Grand Prix,BOT,Mercedes,5.0,78.423484375,0.055266763663965435,5,10.0,58.0,36.0,11.6,168.0,15.272727272727273,1
2018,6,Monaco Grand Prix,OCO,Force India,6.0,78.41866666666662,0.05044905533058852,6,8.0,1.0,0.0,0.2,18.0,1.8,1
2018,6,Monaco Grand Prix,GAS,Toro Rosso,10.0,78.32061666666668,-0.04760094466935527,7,6.0,12.0,0.0,2.4,13.0,1.3,1
2018,6,Monaco Grand Prix,HUL,Renault,11.0,78.11211764705882,-0.2560999642772117,8,4.0,22.0,8.0,4.4,41.0,4.1,1
2018,6,Monaco Grand Prix,VER,Red Bull Racing,20.0,78.05738596491229,-0.3108316464237504,9,2.0,33.0,25.0,6.6,105.0,9.545454545454545,1
2018,6,Monaco Grand Prix,SAI,Renault,8.0,78.86907692307692,0.5008593117408822,10,1.0,19.0,18.0,3.8,45.0,4.090909090909091,1
2018,6,Monaco Grand Prix,ERI,Sauber,17.0,78.50927272727273,0.14105511593669462,11,0.0,2.0,0.0,0.4,11.0,1.1,0
2018,6,Monaco Grand Prix,PER,Force India,9.0,78.66231914893616,0.29410153760012747,12,0.0,17.0,17.0,3.4,26.0,2.3636363636363638,0
2018,6,Monaco Grand Prix,MAG,Haas F1 Team,19.0,78.55818181818182,0.18996420684578652,13,0.0,19.0,9.0,3.8,19.0,1.9,0
2018,6,Monaco Grand Prix,VAN,McLaren,12.0,78.39154545454545,0.023327843209415278,14,0.0,8.0,2.0,1.6,40.0,4.0,0
2018,6,Monaco Grand Prix,GRO,Haas F1 Team,15.0,78.49536585365853,0.127148242322491,15,0.0,0.0,0.0,0.0,19.0,1.7272727272727273,0
2018,6,Monaco Grand Prix,SIR,Williams,13.0,78.1547878787879,-0.21342973254813558,16,0.0,0.0,0.0,0.0,4.0,0.4,0
2018,6,Monaco Grand Prix,STR,Williams,18.0,77.86275,-0.5054676113360301,17,0.0,4.0,4.0,0.8,4.0,0.36363636363636365,0
2018,6,Monaco Grand Prix,LEC,Sauber,14.0,78.617425,0.24920738866396164,18,0.0,9.0,9.0,1.8,11.0,1.0,0
2018,6,Monaco Grand Prix,HAR,Toro Rosso,16.0,78.56894871794871,0.2007311066126789,19,0.0,1.0,1.0,0.2,19.0,1.7272727272727273,0
2018,6,Monaco Grand Prix,ALO,McLaren,7.0,78.77197368421052,0.40375607287448645,20,0.0,32.0,16.0,6.4,40.0,3.6363636363636362,0
2018,7,Canadian Grand Prix,VET,Ferrari,1.0,75.18707692307692,-1.1605008547008566,1,25.0,96.0,42.0,16.0,156.0,13.0,1
2018,7,Canadian Grand Prix,BOT,Mercedes,2.0,75.26086153846154,-1.0867162393162317,2,18.0,68.0,28.0,11.333333333333334,178.0,14.833333333333334,1
2018,7,Canadian Grand Prix,VER,Red Bull Racing,3.0,75.25523076923078,-1.0923470085469944,3,15.0,35.0,17.0,5.833333333333333,107.0,8.916666666666666,1
2018,7,Canadian Grand Prix,RIC,Red Bull Racing,6.0,75.43632307692307,-0.9112547008546983,4,12.0,72.0,35.0,12.0,122.0,9.384615384615385,1
2018,7,Canadian Grand Prix,HAM,Mercedes,4.0,75.48407692307691,-0.8635008547008596,5,10.0,110.0,65.0,18.333333333333332,196.0,15.076923076923077,1
2018,7,Canadian Grand Prix,RAI,Ferrari,5.0,75.5629230769231,-0.7846547008546736,6,8.0,60.0,30.0,10.0,181.0,13.923076923076923,1
2018,7,Canadian Grand Prix,HUL,Renault,7.0,76.62066666666666,0.2730888888888927,7,6.0,26.0,4.0,4.333333333333333,46.0,3.8333333333333335,1
2018,7,Canadian Grand Prix,SAI,Renault,9.0,76.66987301587304,0.32229523809526484,8,4.0,20.0,17.0,3.3333333333333335,52.0,4.0,1
2018,7,Canadian Grand Prix,OCO,Force India,8.0,76.6540322580645,0.3064544802867317,9,2.0,9.0,8.0,1.5,26.0,2.1666666666666665,1
2018,7,Canadian Grand Prix,LEC,Sauber,13.0,76.7955806451613,0.44800286738352213,10,1.0,9.0,9.0,1.5,11.0,0.9166666666666666,1
2018,7,Canadian Grand Prix,GAS,Toro Rosso,16.0,76.8761111111111,0.5285333333333284,11,0.0,18.0,6.0,3.0,19.0,1.5833333333333333,0
2018,7,Canadian Grand Prix,GRO,Haas F1 Team,20.0,76.76848387096774,0.42090609318996997,12,0.0,0.0,0.0,0.0,19.0,1.5833333333333333,0
2018,7,Canadian Grand Prix,MAG,Haas F1 Team,11.0,76.88285245901638,0.5352746812386044,13,0.0,19.0,8.0,3.1666666666666665,19.0,1.4615384615384615,0
2018,7,Canadian Grand Prix,PER,Force India,10.0,76.58472131147542,0.2371435336976475,14,0.0,17.0,17.0,2.8333333333333335,28.0,2.1538461538461537,0
2018,7,Canadian Grand Prix,ERI,Sauber,19.0,77.50103703703702,1.1534592592592503,15,0.0,2.0,0.0,0.3333333333333333,12.0,0.9230769230769231,0
2018,7,Canadian Grand Prix,VAN,McLaren,15.0,77.30032727272727,0.9527494949495008,16,0.0,8.0,2.0,1.3333333333333333,40.0,3.3333333333333335,0
2018,7,Canadian Grand Prix,SIR,Williams,18.0,77.36694,1.0193622222222274,17,0.0,0.0,0.0,0.0,4.0,0.3333333333333333,0
2018,7,Canadian Grand Prix,ALO,McLaren,14.0,77.14111764705883,0.7935398692810622,18,0.0,32.0,10.0,5.333333333333333,40.0,3.076923076923077,0
2018,7,Canadian Grand Prix,HAR,Toro Rosso,12.0,91.63010092551778,0.14061943768871524,19,0.0,1.0,1.0,0.16666666666666666,19.0,1.4615384615384615,0
2018,7,Canadian Grand Prix,STR,Williams,17.0,91.63010092551778,0.14061943768871524,20,0.0,4.0,4.0,0.6666666666666666,4.0,0.3076923076923077,0
2018,8,French Grand Prix,HAM,Mercedes,1.0,96.16286666666666,-1.6950948717948648,1,25.0,120.0,50.0,17.142857142857142,206.0,14.714285714285714,1
2018,8,French Grand Prix,VER,Red Bull Racing,4.0,96.265,-1.5929615384615232,2,18.0,50.0,32.0,7.142857142857143,134.0,9.571428571428571,1
2018,8,French Grand Prix,RAI,Ferrari,6.0,96.65433333333333,-1.2036282051281972,3,15.0,68.0,20.0,9.714285714285714,189.0,13.5,1
2018,8,French Grand Prix,RIC,Red Bull Racing,5.0,96.8588888888889,-0.999072649572625,4,12.0,84.0,47.0,12.0,152.0,10.133333333333333,1
2018,8,French Grand Prix,VET,Ferrari,3.0,97.07170454545454,-0.7862569930069867,5,10.0,121.0,55.0,17.285714285714285,204.0,13.6,1
2018,8,French Grand Prix,MAG,Haas F1 Team,9.0,97.79360000000001,-0.06436153846151171,6,8.0,19.0,8.0,2.7142857142857144,19.0,1.3571428571428572,1
2018,8,French Grand Prix,BOT,Mercedes,2.0,97.36373809523809,-0.4942234432234329,7,6.0,86.0,46.0,12.285714285714286,231.0,15.4,1
2018,8,French Grand Prix,SAI,Renault,7.0,97.9546888888889,0.09672735042737202,8,4.0,24.0,11.0,3.4285714285714284,56.0,4.0,1
2018,8,French Grand Prix,HUL,Renault,12.0,97.83242857142858,-0.025532967032944498,9,2.0,32.0,10.0,4.571428571428571,60.0,4.0,1
2018,8,French Grand Prix,LEC,Sauber,8.0,97.97355813953487,0.11559660107334935,10,1.0,10.0,2.0,1.4285714285714286,12.0,0.8571428571428571,1
2018,8,French Grand Prix,GRO,Haas F1 Team,10.0,98.2581162790698,0.40015474060827216,11,0.0,0.0,0.0,0.0,27.0,1.8,0
2018,8,French Grand Prix,VAN,McLaren,18.0,98.35102631578948,0.49306477732795884,12,0.0,8.0,0.0,1.1428571428571428,40.0,2.857142857142857,0
2018,8,French Grand Prix,ERI,Sauber,15.0,98.83002631578948,0.972064777327958,13,0.0,2.0,0.0,0.2857142857142857,13.0,0.8666666666666667,0
2018,8,French Grand Prix,HAR,Toro Rosso,17.0,98.95207500000001,1.094113461538484,14,0.0,1.0,0.0,0.14285714285714285,19.0,1.3571428571428572,0
2018,8,French Grand Prix,SIR,Williams,19.0,99.36388571428571,1.505924175824191,15,0.0,0.0,0.0,0.0,4.0,0.2857142857142857,0
2018,8,French Grand Prix,ALO,McLaren,16.0,99.0597894736842,1.2018279352226813,16,0.0,32.0,4.0,4.571428571428571,40.0,2.6666666666666665,0
2018,8,French Grand Prix,STR,Williams,20.0,99.44919444444444,1.5912329059829204,17,0.0,4.0,0.0,0.5714285714285714,4.0,0.26666666666666666,0
2018,8,French Grand Prix,PER,Force India,13.0,99.1618947368421,1.3039331983805766,18,0.0,17.0,2.0,2.4285714285714284,28.0,2.0,0
2018,8,French Grand Prix,OCO,Force India,11.0,91.63010092551778,0.14061943768871524,19,0.0,11.0,10.0,1.5714285714285714,28.0,1.8666666666666667,0
2018,8,French Grand Prix,GAS,Toro Rosso,14.0,91.63010092551778,0.14061943768871524,20,0.0,18.0,6.0,2.5714285714285716,19.0,1.2666666666666666,0
2018,9,Austrian Grand Prix,VER,Red Bull Racing,5.0,68.52036764705882,-1.036743464052293,1,25.0,68.0,35.0,8.5,164.0,10.25,1
2018,9,Austrian Grand Prix,RAI,Ferrari,4.0,68.52648529411763,-1.0306258169934779,2,18.0,83.0,35.0,10.375,214.0,13.375,1
2018,9,Austrian Grand Prix,VET,Ferrari,3.0,68.47942647058825,-1.077684640522861,3,15.0,131.0,53.0,16.375,232.0,13.647058823529411,1
2018,9,Austrian Grand Prix,GRO,Haas F1 Team,6.0,69.6967076923077,0.13959658119658513,4,12.0,0.0,0.0,0.0,27.0,1.6875,1
2018,9,Austrian Grand Prix,MAG,Haas F1 Team,8.0,69.59914062499999,0.042029513888877545,5,10.0,27.0,8.0,3.375,39.0,2.2941176470588234,1
2018,9,Austrian Grand Prix,OCO,Force India,11.0,69.89464615384615,0.3375350427350412,6,8.0,11.0,10.0,1.375,28.0,1.75,1
2018,9,Austrian Grand Prix,PER,Force India,17.0,69.58119672131149,0.024085610200373253,7,6.0,17.0,0.0,2.125,36.0,2.1176470588235294,1
2018,9,Austrian Grand Prix,ALO,McLaren,14.0,69.85909836065575,0.30198724954463785,8,4.0,32.0,0.0,4.0,40.0,2.5,1
2018,9,Austrian Grand Prix,LEC,Sauber,13.0,69.97377777777781,0.4166666666666998,9,2.0,11.0,2.0,1.375,13.0,0.8125,1
2018,9,Austrian Grand Prix,ERI,Sauber,20.0,69.8191724137931,0.26206130268198535,10,1.0,2.0,0.0,0.25,15.0,0.8823529411764706,1
2018,9,Austrian Grand Prix,GAS,Toro Rosso,12.0,70.09124999999999,0.5341388888888758,11,0.0,18.0,6.0,2.25,19.0,1.1875,0
2018,9,Austrian Grand Prix,SAI,Renault,9.0,69.92391935483872,0.3668082437276041,12,0.0,28.0,9.0,3.5,62.0,3.875,0
2018,9,Austrian Grand Prix,SIR,Williams,18.0,70.27115517241378,0.7140440613026726,13,0.0,0.0,0.0,0.0,4.0,0.25,0
2018,9,Austrian Grand Prix,STR,Williams,15.0,70.38773684210527,0.8306257309941572,14,0.0,4.0,0.0,0.5,4.0,0.23529411764705882,0
2018,9,Austrian Grand Prix,VAN,McLaren,16.0,70.01204444444446,0.4549333333333436,15,0.0,8.0,0.0,1.0,44.0,2.588235294117647,0
2018,9,Austrian Grand Prix,HAM,Mercedes,2.0,68.71341071428571,-0.8437003968253975,16,0.0,145.0,50.0,18.125,237.0,14.8125,0
2018,9,Austrian Grand Prix,HAR,Toro Rosso,19.0,70.21104761904762,0.6539365079365069,17,0.0,1.0,0.0,0.125,19.0,1.1176470588235294,0
2018,9,Austrian Grand Prix,RIC,Red Bull Racing,7.0,68.86212499999999,-0.6949861111111204,18,0.0,96.0,49.0,12.0,189.0,11.117647058823529,0
2018,9,Austrian Grand Prix,BOT,Mercedes,1.0,69.45441666666666,-0.10269444444445242,19,0.0,92.0,34.0,11.5,237.0,13.941176470588236,0
2018,9,Austrian Grand Prix,HUL,Renault,10.0,70.70349999999999,1.146388888888879,20,0.0,34.0,12.0,4.25,62.0,3.6470588235294117,0
2018,10,British Grand Prix,VET,Ferrari,2.0,92.96832558139536,-1.5898301682407379,1,25.0,146.0,50.0,16.22222222222222,247.0,13.722222222222221,1
2018,10,British Grand Prix,HAM,Mercedes,1.0,93.16340476190476,-1.3947509877313422,2,18.0,145.0,35.0,16.11111111111111,237.0,13.166666666666666,1
2018,10,British Grand Prix,RAI,Ferrari,3.0,93.08790476190477,-1.4702509877313332,3,15.0,101.0,41.0,11.222222222222221,272.0,14.31578947368421,1
2018,10,British Grand Prix,BOT,Mercedes,4.0,93.25093023255813,-1.307225517077967,4,12.0,92.0,24.0,10.222222222222221,255.0,13.421052631578947,1
2018,10,British Grand Prix,RIC,Red Bull Racing,6.0,93.3839512195122,-1.1742045301239017,5,10.0,96.0,24.0,10.666666666666666,189.0,10.5,1
2018,10,British Grand Prix,HUL,Renault,11.0,94.98955000000001,0.4313942503639083,6,8.0,34.0,8.0,3.7777777777777777,62.0,3.4444444444444446,1
2018,10,British Grand Prix,OCO,Force India,10.0,95.04249999999999,0.48434425036388973,7,6.0,19.0,10.0,2.111111111111111,42.0,2.3333333333333335,1
2018,10,British Grand Prix,ALO,McLaren,13.0,95.02784999999999,0.46969425036388657,8,4.0,36.0,4.0,4.0,44.0,2.4444444444444446,1
2018,10,British Grand Prix,MAG,Haas F1 Team,7.0,95.10442499999999,0.546269250363892,9,2.0,37.0,18.0,4.111111111111111,49.0,2.7222222222222223,1
2018,10,British Grand Prix,PER,Force India,12.0,94.97940000000001,0.42124425036391244,10,1.0,23.0,6.0,2.5555555555555554,48.0,2.526315789473684,1
2018,10,British Grand Prix,VAN,McLaren,17.0,95.3255641025641,0.7674083529280011,11,0.0,8.0,0.0,0.8888888888888888,48.0,2.526315789473684,0
2018,10,British Grand Prix,STR,Williams,19.0,95.84978125,1.2916255003639066,12,0.0,4.0,0.0,0.4444444444444444,4.0,0.2222222222222222,0
2018,10,British Grand Prix,GAS,Toro Rosso,14.0,95.1177435897436,0.559587840107497,13,0.0,18.0,0.0,2.0,19.0,1.0555555555555556,0
2018,10,British Grand Prix,SIR,Williams,18.0,95.91317241379309,1.3550166641569916,14,0.0,0.0,0.0,0.0,4.0,0.21052631578947367,0
2018,10,British Grand Prix,VER,Red Bull Racing,5.0,93.6162,-0.9419557496360937,15,0.0,93.0,58.0,10.333333333333334,199.0,10.473684210526315,0
2018,10,British Grand Prix,GRO,Haas F1 Team,8.0,95.53460714285715,0.9764513932210548,16,0.0,12.0,12.0,1.3333333333333333,51.0,2.6842105263157894,0
2018,10,British Grand Prix,SAI,Renault,16.0,95.48637931034483,0.9282235607087301,17,0.0,28.0,8.0,3.111111111111111,70.0,3.6842105263157894,0
2018,10,British Grand Prix,ERI,Sauber,15.0,95.57639285714286,1.0182371075067636,18,0.0,3.0,1.0,0.3333333333333333,16.0,0.8888888888888888,0
2018,10,British Grand Prix,LEC,Sauber,9.0,95.54323529411764,0.9850795444815361,19,0.0,13.0,4.0,1.4444444444444444,16.0,0.8421052631578947,0
2018,10,British Grand Prix,HAR,Toro Rosso,20.0,91.63010092551778,0.14061943768871524,20,0.0,1.0,0.0,0.1111111111111111,19.0,1.0,0
2018,11,German Grand Prix,HAM,Mercedes,14.0,78.01812727272728,-1.0803596940973534,1,25.0,163.0,43.0,16.3,267.0,13.35,1
2018,11,German Grand Prix,BOT,Mercedes,2.0,78.02740000000001,-1.0710869668246232,2,18.0,104.0,18.0,10.4,292.0,13.904761904761905,1
2018,11,German Grand Prix,RAI,Ferrari,3.0,78.06076363636363,-1.0377233304610058,3,15.0,116.0,48.0,11.6,287.0,14.35,1
2018,11,German Grand Prix,VER,Red Bull Racing,4.0,78.04382692307692,-1.0546600437477167,4,12.0,93.0,43.0,9.3,199.0,9.95,1
2018,11,German Grand Prix,HUL,Renault,7.0,79.43375999999999,0.33527303317535484,5,10.0,42.0,10.0,4.2,70.0,3.5,1
2018,11,German Grand Prix,GRO,Haas F1 Team,6.0,79.26791666666666,0.16942969984202705,6,8.0,12.0,12.0,1.2,51.0,2.55,1
2018,11,German Grand Prix,PER,Force India,10.0,79.40312,0.3046330331753637,7,6.0,24.0,7.0,2.4,49.0,2.45,1
2018,11,German Grand Prix,OCO,Force India,16.0,79.67038636363635,0.5718993968117161,8,4.0,25.0,14.0,2.5,55.0,2.619047619047619,1
2018,11,German Grand Prix,ERI,Sauber,13.0,79.79834090909091,0.6998539422662731,9,2.0,3.0,1.0,0.3,16.0,0.8,1
2018,11,German Grand Prix,HAR,Toro Rosso,18.0,79.5215,0.42301303317536565,10,1.0,1.0,0.0,0.1,19.0,0.95,1
2018,11,German Grand Prix,MAG,Haas F1 Team,5.0,79.35890196078431,0.26041499395967094,11,0.0,39.0,20.0,3.9,59.0,2.8095238095238093,0
2018,11,German Grand Prix,SAI,Renault,8.0,79.47647826086957,0.37799129404493215,12,0.0,28.0,4.0,2.8,80.0,3.8095238095238093,0
2018,11,German Grand Prix,VAN,McLaren,20.0,79.28179310344828,0.18330613662364215,13,0.0,8.0,0.0,0.8,48.0,2.4,0
2018,11,German Grand Prix,GAS,Toro Rosso,17.0,79.59344444444444,0.49495747761980624,14,0.0,18.0,0.0,1.8,20.0,0.9523809523809523,0
2018,11,German Grand Prix,LEC,Sauber,9.0,79.53679069767442,0.4383037308497819,15,0.0,13.0,3.0,1.3,18.0,0.8571428571428571,0
2018,11,German Grand Prix,ALO,McLaren,11.0,79.85843243243242,0.7599454656077853,16,0.0,40.0,8.0,4.0,48.0,2.2857142857142856,0
2018,11,German Grand Prix,STR,Williams,19.0,79.94051851851853,0.8420315516938928,17,0.0,4.0,0.0,0.4,4.0,0.2,0
2018,11,German Grand Prix,VET,Ferrari,1.0,78.42891489361702,-0.6695720732076182,18,0.0,171.0,50.0,17.1,302.0,14.380952380952381,0
2018,11,German Grand Prix,SIR,Williams,12.0,79.96499999999999,0.8665130331753517,19,0.0,0.0,0.0,0.0,4.0,0.19047619047619047,0
2018,11,German Grand Prix,RIC,Red Bull Racing,15.0,79.4813043478261,0.382817381001459,20,0.0,106.0,22.0,10.6,211.0,10.047619047619047,0
2018,12,Hungarian Grand Prix,HAM,Mercedes,1.0,82.474875,-1.1114044117647097,1,25.0,188.0,43.0,17.09090909090909,310.0,14.090909090909092,1
2018,12,Hungarian Grand Prix,VET,Ferrari,4.0,82.697171875,-0.8891075367647119,2,18.0,171.0,40.0,15.545454545454545,302.0,13.727272727272727,1
2018,12,Hungarian Grand Prix,RAI,Ferrari,3.0,82.42523809523809,-1.161041316526621,3,15.0,131.0,48.0,11.909090909090908,320.0,13.91304347826087,1
2018,12,Hungarian Grand Prix,RIC,Red Bull Racing,12.0,82.6045,-0.9817794117647054,4,12.0,106.0,10.0,9.636363636363637,211.0,9.590909090909092,1
2018,12,Hungarian Grand Prix,BOT,Mercedes,2.0,82.99325,-0.5930294117647037,5,10.0,122.0,30.0,11.090909090909092,335.0,14.565217391304348,1
2018,12,Hungarian Grand Prix,GAS,Toro Rosso,6.0,83.30552459016393,-0.28075482160078025,6,8.0,18.0,0.0,1.6363636363636365,20.0,0.9090909090909091,1
2018,12,Hungarian Grand Prix,MAG,Haas F1 Team,9.0,83.44982758620691,-0.1364518255577991,7,6.0,39.0,12.0,3.5454545454545454,59.0,2.6818181818181817,1
2018,12,Hungarian Grand Prix,ALO,McLaren,11.0,83.75503773584906,0.16875832408435087,8,4.0,40.0,8.0,3.6363636363636362,48.0,2.1818181818181817,1
2018,12,Hungarian Grand Prix,SAI,Renault,5.0,84.1066037735849,0.5203243618201867,9,2.0,28.0,0.0,2.5454545454545454,80.0,3.6363636363636362,1
2018,12,Hungarian Grand Prix,GRO,Haas F1 Team,10.0,83.99885185185185,0.4125724400871462,10,1.0,20.0,20.0,1.8181818181818181,65.0,2.8260869565217392,1
2018,12,Hungarian Grand Prix,HAR,Toro Rosso,8.0,84.11481481481485,0.5285354030501423,11,0.0,2.0,1.0,0.18181818181818182,28.0,1.2173913043478262,0
2018,12,Hungarian Grand Prix,HUL,Renault,13.0,83.92220754716982,0.335928135405112,12,0.0,52.0,18.0,4.7272727272727275,82.0,3.5652173913043477,0
2018,12,Hungarian Grand Prix,OCO,Force India,18.0,84.12032075471697,0.5340413429522641,13,0.0,29.0,18.0,2.6363636363636362,59.0,2.6818181818181817,0
2018,12,Hungarian Grand Prix,PER,Force India,19.0,84.17856,0.5922805882352975,14,0.0,30.0,13.0,2.727272727272727,59.0,2.5652173913043477,0
2018,12,Hungarian Grand Prix,ERI,Sauber,14.0,84.89243181818182,1.3061524064171124,15,0.0,5.0,3.0,0.45454545454545453,18.0,0.8181818181818182,0
2018,12,Hungarian Grand Prix,SIR,Williams,20.0,84.88761764705883,1.301338235294125,16,0.0,0.0,0.0,0.0,4.0,0.18181818181818182,0
2018,12,Hungarian Grand Prix,STR,Williams,15.0,84.59932352941176,1.0130441176470555,17,0.0,4.0,0.0,0.36363636363636365,4.0,0.17391304347826086,0
2018,12,Hungarian Grand Prix,VAN,McLaren,16.0,84.10236111111111,0.516081699346401,18,0.0,8.0,0.0,0.7272727272727273,52.0,2.260869565217391,0
2018,12,Hungarian Grand Prix,VER,Red Bull Racing,7.0,84.3125,0.726220588235293,19,0.0,105.0,37.0,9.545454545454545,223.0,9.695652173913043,0
2018,12,Hungarian Grand Prix,LEC,Sauber,17.0,91.63010092551778,0.14061943768871524,20,0.0,13.0,2.0,1.1818181818181819,18.0,0.782608695652174,0
2018,13,Belgian Grand Prix,VET,Ferrari,2.0,108.01453846153846,-1.9385843758317804,1,25.0,189.0,43.0,15.75,335.0,13.958333333333334,1
2018,13,Belgian Grand Prix,HAM,Mercedes,1.0,108.2778205128205,-1.6753023245497474,2,18.0,213.0,68.0,17.75,345.0,14.375,1
2018,13,Belgian Grand Prix,VER,Red Bull Racing,7.0,108.73943589743591,-1.213686939934334,3,15.0,105.0,12.0,8.75,223.0,9.291666666666666,1
2018,13,Belgian Grand Prix,BOT,Mercedes,10.0,109.19397297297296,-0.7591498643972869,4,12.0,132.0,40.0,11.0,363.0,14.52,1
2018,13,Belgian Grand Prix,PER,Racing Point,4.0,109.58844736842104,-0.36467546894920133,5,10.0,30.0,7.0,2.5,0.0,0.0,1
2018,13,Belgian Grand Prix,OCO,Racing Point,3.0,109.79086842105262,-0.16225441631762294,6,8.0,29.0,10.0,2.4166666666666665,10.0,10.0,1
2018,13,Belgian Grand Prix,GRO,Haas F1 Team,5.0,109.9383947368421,-0.01472810052814566,7,6.0,21.0,9.0,1.75,66.0,2.75,1
2018,13,Belgian Grand Prix,MAG,Haas F1 Team,9.0,109.95315789473685,3.5057366602586626e-05,8,4.0,45.0,8.0,3.75,72.0,2.88,1
2018,13,Belgian Grand Prix,GAS,Toro Rosso,11.0,110.41602631578948,0.4629034784192356,9,2.0,26.0,8.0,2.1666666666666665,28.0,1.1666666666666667,1
2018,13,Belgian Grand Prix,ERI,Sauber,14.0,110.5556111111111,0.6024882737408603,10,1.0,5.0,2.0,0.4166666666666667,18.0,0.75,1
2018,13,Belgian Grand Prix,SAI,Renault,16.0,110.82452777777777,0.8714049404075297,11,0.0,30.0,2.0,2.5,82.0,3.4166666666666665,0
2018,13,Belgian Grand Prix,SIR,Williams,18.0,111.05081081081082,1.0976879734405713,12,0.0,0.0,0.0,0.0,4.0,0.16666666666666666,0
2018,13,Belgian Grand Prix,STR,Williams,19.0,110.97850000000001,1.0253771626297663,13,0.0,4.0,0.0,0.3333333333333333,4.0,0.16,0
2018,13,Belgian Grand Prix,HAR,Toro Rosso,12.0,110.9489393939394,0.995816556569153,14,0.0,2.0,1.0,0.16666666666666666,30.0,1.2,0
2018,13,Belgian Grand Prix,VAN,McLaren,20.0,111.2039393939394,1.2508165565691485,15,0.0,8.0,0.0,0.6666666666666666,52.0,2.1666666666666665,0
2018,13,Belgian Grand Prix,RIC,Red Bull Racing,8.0,110.58913043478263,0.6360075974123873,16,0.0,118.0,22.0,9.833333333333334,238.0,9.52,0
2018,13,Belgian Grand Prix,RAI,Ferrari,6.0,91.63010092551778,0.14061943768871524,17,0.0,146.0,45.0,12.166666666666666,360.0,14.4,0
2018,13,Belgian Grand Prix,LEC,Sauber,13.0,91.63010092551778,0.14061943768871524,18,0.0,13.0,0.0,1.0833333333333333,19.0,0.76,0
2018,13,Belgian Grand Prix,ALO,McLaren,17.0,91.63010092551778,0.14061943768871524,19,0.0,44.0,8.0,3.6666666666666665,52.0,2.08,0
2018,13,Belgian Grand Prix,HUL,Renault,15.0,91.63010092551778,0.14061943768871524,20,0.0,52.0,18.0,4.333333333333333,82.0,3.28,0
2018,14,Italian Grand Prix,HAM,Mercedes,3.0,84.4394081632653,-1.123643056246891,1,25.0,231.0,68.0,17.76923076923077,375.0,14.423076923076923,1
2018,14,Italian Grand Prix,RAI,Ferrari,1.0,84.53518749999999,-1.0278637195121973,2,18.0,146.0,30.0,11.23076923076923,360.0,13.846153846153847,1
2018,14,Italian Grand Prix,BOT,Mercedes,4.0,84.61214583333333,-0.9509053861788601,3,15.0,144.0,40.0,11.076923076923077,400.0,14.814814814814815,1
2018,14,Italian Grand Prix,VET,Ferrari,2.0,84.3644375,-1.1986137195121955,4,12.0,214.0,43.0,16.46153846153846,378.0,14.0,1
2018,14,Italian Grand Prix,VER,Red Bull Racing,5.0,84.57014583333333,-0.9929053861788617,5,10.0,120.0,27.0,9.23076923076923,238.0,9.153846153846153,1
2018,14,Italian Grand Prix,OCO,Racing Point,8.0,85.43622916666668,-0.12682205284551173,6,8.0,37.0,12.0,2.8461538461538463,18.0,9.0,1
2018,14,Italian Grand Prix,PER,Racing Point,16.0,85.35175,-0.21130121951219394,7,6.0,40.0,16.0,3.076923076923077,26.0,8.666666666666666,1
2018,14,Italian Grand Prix,SAI,Renault,7.0,85.82133333333336,0.25828211382116706,8,4.0,30.0,2.0,2.3076923076923075,82.0,3.1538461538461537,1
2018,14,Italian Grand Prix,STR,Williams,10.0,85.9732340425532,0.41018282304101206,9,2.0,4.0,0.0,0.3076923076923077,4.0,0.15384615384615385,1
2018,14,Italian Grand Prix,SIR,Williams,12.0,86.0941914893617,0.5311402698495158,10,1.0,0.0,0.0,0.0,6.0,0.2222222222222222,1
2018,14,Italian Grand Prix,LEC,Sauber,17.0,86.0446956521739,0.4816444326617102,11,0.0,13.0,0.0,1.0,19.0,0.7307692307692307,0
2018,14,Italian Grand Prix,VAN,McLaren,20.0,86.17695555555557,0.613904336043376,12,0.0,8.0,0.0,0.6153846153846154,52.0,2.0,0
2018,14,Italian Grand Prix,HUL,Renault,14.0,86.32604255319148,0.7629913336792953,13,0.0,52.0,10.0,4.0,86.0,3.185185185185185,0
2018,14,Italian Grand Prix,GAS,Toro Rosso,9.0,86.35767391304347,0.7946226935312808,14,0.0,28.0,10.0,2.1538461538461537,30.0,1.1538461538461537,0
2018,14,Italian Grand Prix,ERI,Sauber,19.0,86.25797826086955,0.69492704135736,15,0.0,6.0,3.0,0.46153846153846156,19.0,0.7037037037037037,0
2018,14,Italian Grand Prix,MAG,Haas F1 Team,11.0,86.91626829268293,1.3532170731707396,16,0.0,49.0,10.0,3.769230769230769,76.0,2.923076923076923,0
2018,14,Italian Grand Prix,RIC,Red Bull Racing,15.0,86.0437894736842,0.4807382541720102,17,0.0,118.0,12.0,9.076923076923077,248.0,9.185185185185185,0
2018,14,Italian Grand Prix,ALO,McLaren,13.0,87.21266666666666,1.6496154471544742,18,0.0,44.0,4.0,3.3846153846153846,52.0,1.9259259259259258,0
2018,14,Italian Grand Prix,HAR,Toro Rosso,18.0,91.63010092551778,0.14061943768871524,19,0.0,2.0,1.0,0.15384615384615385,30.0,1.1111111111111112,0
2018,14,Italian Grand Prix,GRO,Haas F1 Team,6.0,85.3775625,-0.18548871951219326,20,0.0,27.0,15.0,2.076923076923077,76.0,2.814814814814815,0
2018,15,Singapore Grand Prix,HAM,Mercedes,1.0,105.34138888888889,-1.3674691673771093,1,25.0,256.0,68.0,18.285714285714285,415.0,14.821428571428571,1
2018,15,Singapore Grand Prix,VER,Red Bull Racing,2.0,105.48066666666665,-1.2281913895993455,2,18.0,130.0,25.0,9.285714285714286,248.0,8.857142857142858,1
2018,15,Singapore Grand Prix,VET,Ferrari,3.0,106.0660754716981,-0.6427825845678967,3,15.0,226.0,55.0,16.142857142857142,390.0,13.928571428571429,1
2018,15,Singapore Grand Prix,BOT,Mercedes,4.0,106.33047272727272,-0.37838532899327504,4,12.0,159.0,37.0,11.357142857142858,440.0,15.172413793103448,1
2018,15,Singapore Grand Prix,RAI,Ferrari,5.0,106.27016666666667,-0.4386913895993274,5,10.0,164.0,33.0,11.714285714285714,405.0,13.96551724137931,1
2018,15,Singapore Grand Prix,RIC,Red Bull Racing,6.0,106.15481132075472,-0.5540467355112781,6,8.0,118.0,12.0,8.428571428571429,266.0,9.172413793103448,1
2018,15,Singapore Grand Prix,ALO,McLaren,11.0,106.53306521739128,-0.1757928388747132,7,6.0,44.0,4.0,3.142857142857143,52.0,1.8571428571428572,1
2018,15,Singapore Grand Prix,SAI,Renault,12.0,106.94006976744186,0.2312117111758596,8,4.0,34.0,6.0,2.4285714285714284,86.0,3.0714285714285716,1
2018,15,Singapore Grand Prix,LEC,Sauber,13.0,107.16029268292685,0.45143462666085554,9,2.0,13.0,0.0,0.9285714285714286,19.0,0.6785714285714286,1
2018,15,Singapore Grand Prix,HUL,Renault,10.0,107.32442105263159,0.6155629963655969,10,1.0,52.0,0.0,3.7142857142857144,90.0,3.103448275862069,1
2018,15,Singapore Grand Prix,ERI,Sauber,14.0,107.42450000000001,0.7156419437340134,11,0.0,6.0,1.0,0.42857142857142855,21.0,0.7241379310344828,0
2018,15,Singapore Grand Prix,VAN,McLaren,18.0,107.56471052631579,0.8558524700497969,12,0.0,8.0,0.0,0.5714285714285714,58.0,2.0,0
2018,15,Singapore Grand Prix,GAS,Toro Rosso,15.0,107.34634285714287,0.6374848008768765,13,0.0,28.0,10.0,2.0,30.0,1.0714285714285714,0
2018,15,Singapore Grand Prix,STR,Williams,20.0,107.53263636363636,0.8237783073703611,14,0.0,6.0,2.0,0.42857142857142855,7.0,0.25,0
2018,15,Singapore Grand Prix,GRO,Haas F1 Team,8.0,107.49818918918919,0.7893311329231949,15,0.0,27.0,7.0,1.9285714285714286,76.0,2.7142857142857144,0
2018,15,Singapore Grand Prix,PER,Racing Point,7.0,107.3489,0.6400419437340048,16,0.0,46.0,16.0,3.2857142857142856,32.0,8.0,0
2018,15,Singapore Grand Prix,HAR,Toro Rosso,17.0,107.38105882352941,0.6722007672634192,17,0.0,2.0,0.0,0.14285714285714285,30.0,1.0344827586206897,0
2018,15,Singapore Grand Prix,MAG,Haas F1 Team,16.0,106.91053846153848,0.20168040527248365,18,0.0,49.0,10.0,3.5,76.0,2.6206896551724137,0
2018,15,Singapore Grand Prix,SIR,Williams,19.0,107.84674999999999,1.1378919437339903,19,0.0,1.0,1.0,0.07142857142857142,7.0,0.2413793103448276,0
2018,15,Singapore Grand Prix,OCO,Racing Point,9.0,91.63010092551778,0.14061943768871524,20,0.0,45.0,16.0,3.2142857142857144,32.0,6.4,0
2018,16,Russian Grand Prix,HAM,Mercedes,2.0,98.44907843137256,-1.466243407707907,1,25.0,281.0,68.0,18.733333333333334,452.0,15.066666666666666,1
2018,16,Russian Grand Prix,BOT,Mercedes,1.0,98.51339215686275,-1.4019296822177125,2,18.0,171.0,39.0,11.4,477.0,15.387096774193548,1
2018,16,Russian Grand Prix,VET,Ferrari,3.0,98.55395999999999,-1.3613618390804731,3,15.0,241.0,52.0,16.066666666666666,415.0,13.833333333333334,1
2018,16,Russian Grand Prix,RAI,Ferrari,4.0,98.69346000000002,-1.2218618390804465,4,12.0,174.0,28.0,11.6,430.0,13.870967741935484,1
2018,16,Russian Grand Prix,VER,Red Bull Racing,11.0,98.88991999999999,-1.025401839080473,5,10.0,148.0,43.0,9.866666666666667,274.0,9.133333333333333,1
2018,16,Russian Grand Prix,RIC,Red Bull Racing,12.0,99.31115217391304,-0.6041696651674187,6,8.0,126.0,8.0,8.4,284.0,9.161290322580646,1
2018,16,Russian Grand Prix,LEC,Sauber,7.0,100.08379166666664,0.16846982758617912,7,6.0,15.0,2.0,1.0,21.0,0.7,1
2018,16,Russian Grand Prix,MAG,Haas F1 Team,5.0,100.2502888888889,0.3349670498084407,8,4.0,49.0,4.0,3.2666666666666666,76.0,2.533333333333333,1
2018,16,Russian Grand Prix,OCO,Racing Point,6.0,100.2931590909091,0.3778372518286375,9,2.0,45.0,16.0,3.0,32.0,5.333333333333333,1
2018,16,Russian Grand Prix,PER,Racing Point,8.0,100.31232558139536,0.39700374231489377,10,1.0,46.0,16.0,3.066666666666667,34.0,4.857142857142857,1
2018,16,Russian Grand Prix,GRO,Haas F1 Team,9.0,100.31616666666667,0.4008448275862122,11,0.0,27.0,6.0,1.8,80.0,2.5806451612903225,0
2018,16,Russian Grand Prix,HUL,Renault,15.0,100.52409523809526,0.6087733990147939,12,0.0,53.0,1.0,3.533333333333333,91.0,3.033333333333333,0
2018,16,Russian Grand Prix,ERI,Sauber,10.0,100.29057894736842,0.3752571082879541,13,0.0,6.0,1.0,0.4,27.0,0.8709677419354839,0
2018,16,Russian Grand Prix,ALO,McLaren,17.0,101.30406818181818,1.3887463427377185,14,0.0,50.0,6.0,3.3333333333333335,58.0,1.9333333333333333,0
2018,16,Russian Grand Prix,STR,Williams,20.0,101.0409,1.125578160919531,15,0.0,6.0,2.0,0.4,7.0,0.23333333333333334,0
2018,16,Russian Grand Prix,VAN,McLaren,19.0,101.27664864864866,1.3613268095681974,16,0.0,8.0,0.0,0.5333333333333333,58.0,1.8709677419354838,0
2018,16,Russian Grand Prix,SAI,Renault,14.0,101.46524999999998,1.5499281609195208,17,0.0,38.0,8.0,2.533333333333333,91.0,2.935483870967742,0
2018,16,Russian Grand Prix,SIR,Williams,18.0,101.12370588235294,1.2083840432724742,18,0.0,1.0,1.0,0.06666666666666667,7.0,0.22580645161290322,0
2018,16,Russian Grand Prix,GAS,Toro Rosso,13.0,91.63010092551778,0.14061943768871524,19,0.0,28.0,2.0,1.8666666666666667,30.0,1.0,0
2018,16,Russian Grand Prix,HAR,Toro Rosso,16.0,91.63010092551778,0.14061943768871524,20,0.0,2.0,0.0,0.13333333333333333,30.0,0.967741935483871,0
2018,17,Japanese Grand Prix,HAM,Mercedes,1.0,94.48344680851064,-1.6136418485949804,1,25.0,306.0,75.0,19.125,495.0,15.46875,1
2018,17,Japanese Grand Prix,BOT,Mercedes,2.0,94.75314893617022,-1.3439397209353956,2,18.0,189.0,45.0,11.8125,520.0,15.757575757575758,1
2018,17,Japanese Grand Prix,VER,Red Bull Racing,3.0,94.70031914893619,-1.3967695081694274,3,15.0,158.0,38.0,9.875,292.0,9.125,1
2018,17,Japanese Grand Prix,RIC,Red Bull Racing,15.0,94.8149347826087,-1.2821538744969132,4,12.0,134.0,16.0,8.375,307.0,9.303030303030303,1
2018,17,Japanese Grand Prix,RAI,Ferrari,4.0,95.49865217391304,-0.5984364831925717,5,10.0,186.0,40.0,11.625,442.0,13.8125,1
2018,17,Japanese Grand Prix,VET,Ferrari,9.0,95.43362790697674,-0.663460750128877,6,8.0,256.0,42.0,16.0,452.0,13.696969696969697,1
2018,17,Japanese Grand Prix,PER,Racing Point,10.0,96.05627272727274,-0.040815929832874076,7,6.0,47.0,7.0,2.9375,35.0,4.375,1
2018,17,Japanese Grand Prix,GRO,Haas F1 Team,5.0,96.24517777777778,0.14808912067216795,8,4.0,27.0,0.0,1.6875,80.0,2.5,1
2018,17,Japanese Grand Prix,OCO,Racing Point,8.0,96.24395454545456,0.1468658883489411,9,2.0,47.0,10.0,2.9375,41.0,4.555555555555555,1
2018,17,Japanese Grand Prix,SAI,Renault,13.0,96.49036585365853,0.3932771965529156,10,1.0,38.0,8.0,2.375,91.0,2.84375,1
2018,17,Japanese Grand Prix,GAS,Toro Rosso,7.0,96.75380487804878,0.6567162209431672,11,0.0,28.0,0.0,1.75,30.0,0.9375,0
2018,17,Japanese Grand Prix,ERI,Sauber,20.0,97.4646,1.3675113428943888,12,0.0,6.0,0.0,0.375,27.0,0.84375,0
2018,17,Japanese Grand Prix,HAR,Toro Rosso,6.0,97.19446153846152,1.0973728813559092,13,0.0,2.0,0.0,0.125,30.0,0.9090909090909091,0
2018,17,Japanese Grand Prix,ALO,McLaren,18.0,97.21034146341464,1.1132528063090206,14,0.0,50.0,6.0,3.125,58.0,1.8125,0
2018,17,Japanese Grand Prix,VAN,McLaren,19.0,96.72611428571429,0.6290256286086731,15,0.0,8.0,0.0,0.5,58.0,1.7575757575757576,0
2018,17,Japanese Grand Prix,SIR,Williams,17.0,96.73591176470589,0.6388231076002739,16,0.0,1.0,1.0,0.0625,7.0,0.21875,0
2018,17,Japanese Grand Prix,STR,Williams,14.0,96.33122222222222,0.23413356511660766,17,0.0,6.0,2.0,0.375,7.0,0.21212121212121213,0
2018,17,Japanese Grand Prix,LEC,Sauber,11.0,97.49496296296294,1.3978743058573286,18,0.0,21.0,8.0,1.3125,27.0,0.8181818181818182,0
2018,17,Japanese Grand Prix,HUL,Renault,16.0,97.44133333333333,1.3442446762277172,19,0.0,53.0,1.0,3.3125,92.0,2.787878787878788,0
2018,17,Japanese Grand Prix,MAG,Haas F1 Team,12.0,91.63010092551778,0.14061943768871524,20,0.0,53.0,4.0,3.3125,84.0,2.5454545454545454,0
2018,18,United States Grand Prix,RAI,Ferrari,3.0,99.81683018867928,-1.3909182998334018,1,25.0,196.0,32.0,11.529411764705882,460.0,13.529411764705882,1
2018,18,United States Grand Prix,VER,Red Bull Racing,15.0,99.71147058823529,-1.4962779002773914,2,18.0,173.0,43.0,10.176470588235293,319.0,9.382352941176471,1
2018,18,United States Grand Prix,HAM,Mercedes,1.0,99.72181132075472,-1.4859371677579531,3,15.0,331.0,75.0,19.470588235294116,538.0,15.823529411764707,1
2018,18,United States Grand Prix,VET,Ferrari,2.0,99.97053846153845,-1.2372100269742248,4,12.0,264.0,38.0,15.529411764705882,485.0,13.857142857142858,1
2018,18,United States Grand Prix,BOT,Mercedes,4.0,100.34979245283017,-0.8579560356825056,5,10.0,207.0,48.0,12.176470588235293,553.0,15.8,1
2018,18,United States Grand Prix,HUL,Renault,7.0,101.25170588235297,0.043957393840287295,6,8.0,53.0,1.0,3.1176470588235294,92.0,2.7058823529411766,1
2018,18,United States Grand Prix,SAI,Renault,11.0,101.40651923076923,0.19877074225655633,7,6.0,39.0,5.0,2.2941176470588234,100.0,2.857142857142857,1
2018,18,United States Grand Prix,PER,Racing Point,10.0,101.48323999999998,0.2754915114873029,8,4.0,53.0,7.0,3.1176470588235294,43.0,4.3,1
2018,18,United States Grand Prix,HAR,Toro Rosso,14.0,101.938,0.7302515114873245,9,2.0,2.0,0.0,0.11764705882352941,30.0,0.8823529411764706,1
2018,18,United States Grand Prix,ERI,Sauber,19.0,101.88853191489362,0.6807834263809411,10,1.0,6.0,0.0,0.35294117647058826,27.0,0.7941176470588235,1
2018,18,United States Grand Prix,VAN,McLaren,20.0,101.80104166666666,0.593293178153985,11,0.0,8.0,0.0,0.47058823529411764,58.0,1.7058823529411764,0
2018,18,United States Grand Prix,GAS,Toro Rosso,13.0,102.1278510638298,0.9201025753171166,12,0.0,28.0,0.0,1.6470588235294117,32.0,0.9142857142857143,0
2018,18,United States Grand Prix,SIR,Williams,17.0,102.50708510638295,1.2993366178702672,13,0.0,1.0,0.0,0.058823529411764705,7.0,0.20588235294117646,0
2018,18,United States Grand Prix,STR,Williams,18.0,102.25526829268291,1.0475198041702356,14,0.0,6.0,0.0,0.35294117647058826,7.0,0.2,0
2018,18,United States Grand Prix,LEC,Sauber,9.0,102.94591666666668,1.7381681781539982,15,0.0,21.0,8.0,1.2352941176470589,28.0,0.8,0
2018,18,United States Grand Prix,RIC,Red Bull Racing,5.0,101.60875000000001,0.40100151148733687,16,0.0,146.0,28.0,8.588235294117647,337.0,9.628571428571428,0
2018,18,United States Grand Prix,GRO,Haas F1 Team,8.0,91.63010092551778,0.14061943768871524,17,0.0,31.0,4.0,1.8235294117647058,84.0,2.4705882352941178,0
2018,18,United States Grand Prix,ALO,McLaren,16.0,91.63010092551778,0.14061943768871524,18,0.0,50.0,6.0,2.9411764705882355,58.0,1.6571428571428573,0
2018,18,United States Grand Prix,OCO,Racing Point,6.0,101.4919423076923,0.2841938191796203,19,0.0,49.0,4.0,2.8823529411764706,47.0,4.2727272727272725,0
2018,18,United States Grand Prix,MAG,Haas F1 Team,12.0,101.40267999999998,0.19493151148729737,20,0.0,53.0,4.0,3.1176470588235294,84.0,2.4,0
2018,19,Mexican Grand Prix,VER,Red Bull Racing,2.0,80.99090163934429,-1.4442523240703338,1,25.0,191.0,43.0,10.61111111111111,337.0,9.36111111111111,1
2018,19,Mexican Grand Prix,VET,Ferrari,4.0,81.19617741935484,-1.2389765440597813,2,18.0,276.0,35.0,15.333333333333334,497.0,13.805555555555555,1
2018,19,Mexican Grand Prix,RAI,Ferrari,6.0,81.80924590163934,-0.6259080617752772,3,15.0,221.0,47.0,12.277777777777779,515.0,13.91891891891892,1
2018,19,Mexican Grand Prix,HAM,Mercedes,3.0,82.07308196721313,-0.3620719962014931,4,12.0,346.0,65.0,19.22222222222222,563.0,15.63888888888889,1
2018,19,Mexican Grand Prix,BOT,Mercedes,5.0,81.87980701754385,-0.5553469458707667,5,10.0,217.0,46.0,12.055555555555555,575.0,15.54054054054054,1
2018,19,Mexican Grand Prix,HUL,Renault,7.0,83.32175675675676,0.886602793342135,6,8.0,61.0,8.0,3.388888888888889,106.0,2.9444444444444446,1
2018,19,Mexican Grand Prix,LEC,Sauber,9.0,82.87284,0.43768603658537586,7,6.0,21.0,6.0,1.1666666666666667,28.0,0.7777777777777778,1
2018,19,Mexican Grand Prix,VAN,McLaren,17.0,83.37357692307693,0.9384229596623044,8,4.0,8.0,0.0,0.4444444444444444,58.0,1.6111111111111112,1
2018,19,Mexican Grand Prix,ERI,Sauber,10.0,83.57534615384617,1.1401921904315486,9,2.0,7.0,1.0,0.3888888888888889,34.0,0.918918918918919,1
2018,19,Mexican Grand Prix,GAS,Toro Rosso,15.0,83.6128205128205,1.1776665494058847,10,1.0,28.0,0.0,1.5555555555555556,32.0,0.8888888888888888,1
2018,19,Mexican Grand Prix,OCO,Racing Point,11.0,83.56547826086957,1.1303242974549477,11,0.0,49.0,4.0,2.7222222222222223,47.0,3.9166666666666665,0
2018,19,Mexican Grand Prix,STR,Williams,19.0,83.6838,1.2486460365853844,12,0.0,6.0,0.0,0.3333333333333333,7.0,0.19444444444444445,0
2018,19,Mexican Grand Prix,SIR,Williams,20.0,83.61850000000001,1.183346036585391,13,0.0,1.0,0.0,0.05555555555555555,7.0,0.1891891891891892,0
2018,19,Mexican Grand Prix,HAR,Toro Rosso,14.0,83.39771428571427,0.9625603222996517,14,0.0,4.0,2.0,0.2222222222222222,33.0,0.8918918918918919,0
2018,19,Mexican Grand Prix,MAG,Haas F1 Team,18.0,83.59335294117648,1.158198977761856,15,0.0,53.0,4.0,2.9444444444444446,84.0,2.3333333333333335,0
2018,19,Mexican Grand Prix,GRO,Haas F1 Team,16.0,82.71107142857143,0.2759174651568088,16,0.0,31.0,4.0,1.7222222222222223,84.0,2.27027027027027,0
2018,19,Mexican Grand Prix,RIC,Red Bull Racing,1.0,81.59669090909091,-0.8384630543237108,17,0.0,146.0,20.0,8.11111111111111,362.0,9.783783783783784,0
2018,19,Mexican Grand Prix,PER,Racing Point,13.0,83.87745454545454,1.4423005820399197,18,0.0,57.0,11.0,3.1666666666666665,47.0,3.6153846153846154,0
2018,19,Mexican Grand Prix,SAI,Renault,8.0,83.64657142857142,1.2114174651567993,19,0.0,45.0,7.0,2.5,114.0,3.081081081081081,0
2018,19,Mexican Grand Prix,ALO,McLaren,12.0,84.197,1.761846036585382,20,0.0,50.0,0.0,2.7777777777777777,62.0,1.6756756756756757,0
2018,20,Brazilian Grand Prix,HAM,Mercedes,1.0,73.30477941176471,-0.5192296791443738,1,25.0,358.0,52.0,18.842105263157894,585.0,15.394736842105264,1
2018,20,Brazilian Grand Prix,VER,Red Bull Racing,5.0,73.13358208955223,-0.6904270013568521,2,18.0,216.0,58.0,11.368421052631579,362.0,9.526315789473685,1
2018,20,Brazilian Grand Prix,RAI,Ferrari,4.0,73.29782089552238,-0.5261881953867089,3,15.0,236.0,50.0,12.421052631578947,530.0,13.947368421052632,1
2018,20,Brazilian Grand Prix,RIC,Red Bull Racing,6.0,73.28257352941175,-0.5414355614973374,4,12.0,146.0,12.0,7.684210526315789,380.0,9.743589743589743,1
2018,20,Brazilian Grand Prix,BOT,Mercedes,3.0,73.25868750000001,-0.565321590909079,5,10.0,227.0,38.0,11.947368421052632,610.0,15.64102564102564,1
2018,20,Brazilian Grand Prix,VET,Ferrari,2.0,73.34286153846153,-0.4811475524475526,6,8.0,294.0,38.0,15.473684210526315,545.0,13.974358974358974,1
2018,20,Brazilian Grand Prix,LEC,Sauber,8.0,73.79965151515152,-0.0243575757575627,7,6.0,27.0,6.0,1.4210526315789473,36.0,0.9473684210526315,1
2018,20,Brazilian Grand Prix,GRO,Haas F1 Team,9.0,73.90781818181819,0.08380909090909938,8,4.0,31.0,4.0,1.631578947368421,84.0,2.210526315789474,1
2018,20,Brazilian Grand Prix,MAG,Haas F1 Team,11.0,73.728,-0.09600909090909227,9,2.0,53.0,0.0,2.789473684210526,88.0,2.2564102564102564,1
2018,20,Brazilian Grand Prix,PER,Racing Point,12.0,73.95590566037735,0.13189656946826744,10,1.0,57.0,10.0,3.0,47.0,3.357142857142857,1
2018,20,Brazilian Grand Prix,HAR,Toro Rosso,17.0,74.52859090909091,0.704581818181822,11,0.0,4.0,2.0,0.21052631578947367,33.0,0.868421052631579,0
2018,20,Brazilian Grand Prix,SAI,Renault,16.0,74.20004761904761,0.37603852813852257,12,0.0,45.0,7.0,2.3684210526315788,114.0,3.0,0
2018,20,Brazilian Grand Prix,GAS,Toro Rosso,10.0,74.6629268292683,0.8389177383592141,13,0.0,29.0,1.0,1.5263157894736843,33.0,0.8461538461538461,0
2018,20,Brazilian Grand Prix,VAN,McLaren,20.0,74.19722857142857,0.37321948051948084,14,0.0,12.0,4.0,0.631578947368421,62.0,1.631578947368421,0
2018,20,Brazilian Grand Prix,OCO,Racing Point,13.0,73.99664,0.1726309090909126,15,0.0,49.0,2.0,2.5789473684210527,48.0,3.2,0
2018,20,Brazilian Grand Prix,SIR,Williams,15.0,74.8591282051282,1.035119114219114,16,0.0,1.0,0.0,0.05263157894736842,7.0,0.18421052631578946,0
2018,20,Brazilian Grand Prix,ALO,McLaren,18.0,74.49285714285715,0.6688480519480606,17,0.0,50.0,0.0,2.6315789473684212,62.0,1.5897435897435896,0
2018,20,Brazilian Grand Prix,STR,Williams,19.0,74.644,0.8199909090909188,18,0.0,6.0,0.0,0.3157894736842105,7.0,0.1794871794871795,0
2018,20,Brazilian Grand Prix,HUL,Renault,14.0,74.69684615384615,0.8728370629370659,19,0.0,69.0,16.0,3.6315789473684212,114.0,2.923076923076923,0
2018,20,Brazilian Grand Prix,ERI,Sauber,7.0,75.3255,1.5014909090909185,20,0.0,9.0,3.0,0.47368421052631576,42.0,1.0769230769230769,0
2018,21,Abu Dhabi Grand Prix,HAM,Mercedes,1.0,103.69977551020408,-1.4362796714917465,1,25.0,383.0,52.0,19.15,620.0,15.5,1
2018,21,Abu Dhabi Grand Prix,VET,Ferrari,3.0,103.48712499999999,-1.6489301816958317,2,18.0,302.0,38.0,15.1,553.0,13.825,1
2018,21,Abu Dhabi Grand Prix,VER,Red Bull Racing,6.0,103.72122916666666,-1.4148260150291634,3,15.0,234.0,61.0,11.7,392.0,9.8,1
2018,21,Abu Dhabi Grand Prix,RIC,Red Bull Racing,5.0,103.80499999999999,-1.331055181695831,4,12.0,158.0,12.0,7.9,407.0,9.926829268292684,1
2018,21,Abu Dhabi Grand Prix,BOT,Mercedes,2.0,104.1110638297872,-1.024991351908625,5,10.0,237.0,30.0,11.85,645.0,15.731707317073171,1
2018,21,Abu Dhabi Grand Prix,SAI,Renault,11.0,104.70871739130435,-0.42733779039147635,6,8.0,45.0,6.0,2.25,114.0,2.85,1
2018,21,Abu Dhabi Grand Prix,LEC,Sauber,8.0,105.28041304347825,0.14435786178242438,7,6.0,33.0,12.0,1.65,42.0,1.05,1
2018,21,Abu Dhabi Grand Prix,PER,Racing Point,14.0,105.11780434782611,-0.01825083386971471,8,4.0,58.0,5.0,2.9,48.0,3.0,1
2018,21,Abu Dhabi Grand Prix,GRO,Haas F1 Team,7.0,105.96365116279067,0.827595981094845,9,2.0,35.0,4.0,1.75,90.0,2.25,1
2018,21,Abu Dhabi Grand Prix,MAG,Haas F1 Team,13.0,105.8366976744186,0.7006424927227783,10,1.0,55.0,2.0,2.75,92.0,2.2439024390243905,1
2018,21,Abu Dhabi Grand Prix,ALO,McLaren,15.0,105.79792857142857,0.6618733897327473,11,0.0,50.0,0.0,2.5,62.0,1.55,0
2018,21,Abu Dhabi Grand Prix,HAR,Toro Rosso,16.0,106.35754054054054,1.221485358844717,12,0.0,4.0,2.0,0.2,33.0,0.825,0
2018,21,Abu Dhabi Grand Prix,STR,Williams,20.0,106.32073809523808,1.184682913542261,13,0.0,6.0,0.0,0.3,7.0,0.175,0
2018,21,Abu Dhabi Grand Prix,VAN,McLaren,18.0,106.27367441860463,1.1376192369088045,14,0.0,12.0,4.0,0.6,62.0,1.5121951219512195,0
2018,21,Abu Dhabi Grand Prix,SIR,Williams,19.0,106.09229411764706,0.9562389359512338,15,0.0,1.0,0.0,0.05,7.0,0.17073170731707318,0
2018,21,Abu Dhabi Grand Prix,GAS,Toro Rosso,17.0,106.00667647058823,0.8706212888924085,16,0.0,29.0,1.0,1.45,33.0,0.8048780487804879,0
2018,21,Abu Dhabi Grand Prix,OCO,Racing Point,9.0,105.73153125,0.5954760683041798,17,0.0,49.0,0.0,2.45,52.0,3.0588235294117645,0
2018,21,Abu Dhabi Grand Prix,ERI,Sauber,12.0,106.90371428571429,1.7676591040184633,18,0.0,9.0,3.0,0.45,48.0,1.170731707317073,0
2018,21,Abu Dhabi Grand Prix,RAI,Ferrari,4.0,105.198,0.06194481830416976,19,0.0,251.0,55.0,12.55,571.0,13.926829268292684,0
2018,21,Abu Dhabi Grand Prix,HUL,Renault,10.0,91.63010092551778,0.14061943768871524,20,0.0,69.0,16.0,3.45,122.0,2.975609756097561,0
2019,1,Australian Grand Prix,BOT,Mercedes,2.0,87.88467272727272,-1.41863835870015,1,26.0,247.0,30.0,11.761904761904763,655.0,15.595238095238095,1
2019,1,Australian Grand Prix,HAM,Mercedes,1.0,88.21096363636364,-1.0923474496092211,2,18.0,408.0,62.0,19.428571428571427,681.0,15.837209302325581,1
2019,1,Australian Grand Prix,VER,Red Bull Racing,4.0,88.2533090909091,-1.0500019950637665,3,15.0,249.0,58.0,11.857142857142858,419.0,9.976190476190476,1
2019,1,Australian Grand Prix,VET,Ferrari,3.0,88.8816181818182,-0.42169290415466776,4,12.0,320.0,44.0,15.238095238095237,571.0,13.595238095238095,1
2019,1,Australian Grand Prix,LEC,Ferrari,5.0,88.7916666666667,-0.5116444193061653,5,10.0,39.0,18.0,1.8571428571428572,583.0,13.55813953488372,1
2019,1,Australian Grand Prix,MAG,Haas F1 Team,7.0,89.31874545454545,0.015434368572584845,6,8.0,56.0,3.0,2.6666666666666665,93.0,2.2142857142857144,1
2019,1,Australian Grand Prix,HUL,Renault,11.0,89.45837037037037,0.1550592843975096,7,6.0,69.0,8.0,3.2857142857142856,122.0,2.9047619047619047,1
2019,1,Australian Grand Prix,RAI,Alfa Romeo Racing,9.0,89.40546296296297,0.10215187699010642,8,4.0,251.0,30.0,11.952380952380953,0.0,0.0,1
2019,1,Australian Grand Prix,STR,Racing Point,16.0,89.35711538461538,0.05380429864251823,9,2.0,6.0,0.0,0.2857142857142857,52.0,2.888888888888889,1
2019,1,Australian Grand Prix,KVY,Toro Rosso,15.0,89.16194,-0.14137108597286385,10,1.0,0.0,0.0,0.0,33.0,0.7857142857142857,1
2019,1,Australian Grand Prix,GAS,Red Bull Racing,17.0,89.3310576923077,0.02774660633482995,11,0.0,29.0,1.0,1.380952380952381,434.0,10.093023255813954,0
2019,1,Australian Grand Prix,NOR,McLaren,8.0,90.11726923076922,0.8139581447963593,12,0.0,0.0,0.0,0.0,62.0,1.4761904761904763,0
2019,1,Australian Grand Prix,PER,Racing Point,10.0,89.97524489795919,0.671933811986321,13,0.0,62.0,5.0,2.9523809523809526,54.0,2.8421052631578947,0
2019,1,Australian Grand Prix,ALB,Toro Rosso,13.0,90.02206,0.718748914027131,14,0.0,0.0,0.0,0.0,34.0,0.7906976744186046,0
2019,1,Australian Grand Prix,GIO,Alfa Romeo Racing,14.0,89.82811904761904,0.5248079616461752,15,0.0,0.0,0.0,0.0,4.0,4.0,0
2019,1,Australian Grand Prix,RUS,Williams,19.0,90.04429166666667,0.740980580693801,16,0.0,0.0,0.0,0.0,7.0,0.16666666666666666,0
2019,1,Australian Grand Prix,KUB,Williams,20.0,90.33071428571428,1.0274031997414141,17,0.0,0.0,0.0,0.0,7.0,0.16279069767441862,0
2019,1,Australian Grand Prix,GRO,Haas F1 Team,6.0,90.3533076923077,1.0499966063348296,18,0.0,37.0,6.0,1.7619047619047619,101.0,2.3488372093023258,0
2019,1,Australian Grand Prix,RIC,Renault,12.0,90.36154166666667,1.0582305806938024,19,0.0,170.0,24.0,8.095238095238095,128.0,2.9767441860465116,0
2019,1,Australian Grand Prix,SAI,McLaren,18.0,91.1992,1.8958889140271395,20,0.0,53.0,8.0,2.5238095238095237,62.0,1.441860465116279,0
2019,2,Bahrain Grand Prix,HAM,Mercedes,3.0,96.55730000000001,-1.025427797001143,1,25.0,426.0,68.0,19.363636363636363,699.0,15.886363636363637,1
2019,2,Bahrain Grand Prix,BOT,Mercedes,4.0,96.77904081632653,-0.8036869806746267,2,18.0,273.0,46.0,12.409090909090908,724.0,16.08888888888889,1
2019,2,Bahrain Grand Prix,LEC,Ferrari,1.0,96.3776976744186,-1.2050301225825564,3,16.0,49.0,22.0,2.227272727272727,593.0,13.477272727272727,1
2019,2,Bahrain Grand Prix,VER,Red Bull Racing,5.0,96.87820408163266,-0.7045237153684951,4,12.0,264.0,48.0,12.0,434.0,9.863636363636363,1
2019,2,Bahrain Grand Prix,VET,Ferrari,2.0,96.526,-1.0567277970011588,5,10.0,332.0,38.0,15.090909090909092,609.0,13.533333333333333,1
2019,2,Bahrain Grand Prix,NOR,McLaren,10.0,97.54062499999999,-0.042102797001163594,6,8.0,0.0,0.0,0.0,62.0,1.4090909090909092,1
2019,2,Bahrain Grand Prix,RAI,Alfa Romeo Racing,9.0,97.54977083333331,-0.03295696366784284,7,6.0,255.0,19.0,11.590909090909092,4.0,2.0,1
2019,2,Bahrain Grand Prix,GAS,Red Bull Racing,13.0,97.48791489361702,-0.09481290338413828,8,4.0,29.0,0.0,1.3181818181818181,446.0,9.911111111111111,1
2019,2,Bahrain Grand Prix,ALB,Toro Rosso,12.0,97.86555319148937,0.28282539448821353,9,2.0,0.0,0.0,0.0,34.0,0.7727272727272727,1
2019,2,Bahrain Grand Prix,PER,Racing Point,14.0,97.8906170212766,0.3078892242754421,10,1.0,62.0,5.0,2.8181818181818183,54.0,2.7,1
2019,2,Bahrain Grand Prix,GIO,Alfa Romeo Racing,16.0,97.83727272727273,0.2545449302715781,11,0.0,0.0,0.0,0.0,10.0,3.3333333333333335,0
2019,2,Bahrain Grand Prix,KVY,Toro Rosso,15.0,97.68421739130436,0.10148959430320303,12,0.0,1.0,1.0,1.0,36.0,0.8,0
2019,2,Bahrain Grand Prix,MAG,Haas F1 Team,6.0,98.24823809523811,0.6655102982369527,13,0.0,64.0,11.0,2.909090909090909,101.0,2.2954545454545454,0
2019,2,Bahrain Grand Prix,STR,Racing Point,18.0,98.32619565217392,0.7434678551727671,14,0.0,8.0,2.0,0.36363636363636365,55.0,2.619047619047619,0
2019,2,Bahrain Grand Prix,RUS,Williams,19.0,98.9639411764706,1.3812133794694432,15,0.0,0.0,0.0,0.0,7.0,0.1590909090909091,0
2019,2,Bahrain Grand Prix,KUB,Williams,20.0,99.32140000000001,1.7386722029988562,16,0.0,0.0,0.0,0.0,7.0,0.15555555555555556,0
2019,2,Bahrain Grand Prix,HUL,Renault,17.0,97.51747916666666,-0.06524863033449435,17,0.0,75.0,6.0,3.409090909090909,128.0,2.909090909090909,0
2019,2,Bahrain Grand Prix,RIC,Renault,11.0,98.11445833333335,0.5317305363321907,18,0.0,170.0,24.0,7.7272727272727275,128.0,2.8444444444444446,0
2019,2,Bahrain Grand Prix,SAI,McLaren,7.0,97.6903111111111,0.10758331410994515,19,0.0,53.0,8.0,2.409090909090909,70.0,1.5555555555555556,0
2019,2,Bahrain Grand Prix,GRO,Haas F1 Team,8.0,98.53107692307692,0.9483491260757688,20,0.0,37.0,6.0,1.6818181818181819,101.0,2.2444444444444445,0
2019,3,Chinese Grand Prix,HAM,Mercedes,2.0,97.46710000000002,-1.617922946859892,1,25.0,451.0,68.0,19.608695652173914,742.0,16.130434782608695,1
2019,3,Chinese Grand Prix,BOT,Mercedes,1.0,97.59534,-1.489682946859915,2,18.0,291.0,54.0,12.652173913043478,767.0,16.319148936170212,1
2019,3,Chinese Grand Prix,VET,Ferrari,3.0,97.6508,-1.4342229468599044,3,15.0,342.0,40.0,14.869565217391305,619.0,13.456521739130435,1
2019,3,Chinese Grand Prix,VER,Red Bull Racing,5.0,97.8953,-1.1897229468599022,4,12.0,276.0,42.0,12.0,450.0,9.782608695652174,1
2019,3,Chinese Grand Prix,LEC,Ferrari,4.0,97.94417999999997,-1.1408429468599337,5,10.0,65.0,32.0,2.8260869565217392,634.0,13.48936170212766,1
2019,3,Chinese Grand Prix,GAS,Red Bull Racing,6.0,98.61687500000001,-0.4681479468599008,6,9.0,33.0,4.0,1.434782608695652,462.0,9.829787234042554,1
2019,3,Chinese Grand Prix,RIC,Renault,7.0,99.83727450980393,0.752251562944025,7,6.0,170.0,12.0,7.391304347826087,128.0,2.782608695652174,1
2019,3,Chinese Grand Prix,PER,Racing Point,12.0,99.77416326530613,0.6891403184462206,8,4.0,63.0,5.0,2.739130434782609,55.0,2.5,1
2019,3,Chinese Grand Prix,RAI,Alfa Romeo Racing,13.0,99.77463829787233,0.6896153510124208,9,2.0,261.0,10.0,11.347826086956522,10.0,2.5,1
2019,3,Chinese Grand Prix,ALB,Toro Rosso,-1.0,99.96331914893616,0.8782962020762568,10,1.0,2.0,2.0,1.0,36.0,0.782608695652174,1
2019,3,Chinese Grand Prix,GRO,Haas F1 Team,10.0,99.60276086956523,0.5177379227053223,11,0.0,37.0,2.0,1.608695652173913,101.0,2.1956521739130435,0
2019,3,Chinese Grand Prix,STR,Racing Point,16.0,99.62467441860464,0.5396514717447332,12,0.0,8.0,2.0,0.34782608695652173,59.0,2.5652173913043477,0
2019,3,Chinese Grand Prix,MAG,Haas F1 Team,9.0,99.55841463414635,0.473391687286437,13,0.0,64.0,9.0,2.782608695652174,101.0,2.148936170212766,0
2019,3,Chinese Grand Prix,SAI,McLaren,14.0,99.57826530612247,0.49324235926256677,14,0.0,53.0,8.0,2.3043478260869565,70.0,1.5217391304347827,0
2019,3,Chinese Grand Prix,GIO,Alfa Romeo Racing,-1.0,99.56512195121951,0.4800990043596016,15,0.0,0.0,0.0,0.0,12.0,2.4,0
2019,3,Chinese Grand Prix,RUS,Williams,17.0,100.28195,1.1969270531400866,16,0.0,0.0,0.0,0.0,7.0,0.15217391304347827,0
2019,3,Chinese Grand Prix,KUB,Williams,18.0,100.55964705882353,1.474624111963621,17,0.0,0.0,0.0,0.0,7.0,0.14893617021276595,0
2019,3,Chinese Grand Prix,NOR,McLaren,15.0,99.7604,0.675377053140096,18,0.0,8.0,8.0,4.0,70.0,1.4893617021276595,0
2019,3,Chinese Grand Prix,KVY,Toro Rosso,11.0,99.7315172413793,0.6464942945193854,19,0.0,1.0,1.0,0.5,37.0,0.7872340425531915,0
2019,3,Chinese Grand Prix,HUL,Renault,8.0,100.6063,1.5212770531400963,20,0.0,75.0,6.0,3.260869565217391,134.0,2.851063829787234,0
