year,round_number,driver_id,constructor_id,circuit_id,grid_position,quali_delta,quali_tm_delta,season_pts_driver,season_pts_team,last_3_avg,is_street_circuit,is_wet,points_scored
2025,1,norris,mclaren,melbourne,1,0.0,-0.08400000000000318,0.0,0.0,0.0,1,1,1
2025,1,verstappen,red_bull_racing,melbourne,3,0.3849999999999909,-1.6129999999999995,0.0,0.0,0.0,1,1,1
2025,1,russell,mercedes,melbourne,4,0.45000000000000284,-0.9789999999999992,0.0,0.0,0.0,1,1,1
2025,1,antonelli,mercedes,melbourne,16,1.429000000000002,0.9789999999999992,0.0,15.0,0.0,1,1,1
2025,1,albon,williams,melbourne,6,0.6409999999999911,-0.19400000000000261,0.0,0.0,0.0,1,1,1
2025,1,stroll,aston_martin,melbourne,13,1.2729999999999961,0.08100000000000307,0.0,0.0,0.0,1,1,1
2025,1,hulkenberg,kick_sauber,melbourne,17,1.4829999999999899,0.06299999999998818,0.0,0.0,0.0,1,1,1
2025,1,leclerc,ferrari,melbourne,7,0.6589999999999918,-0.16400000000000148,0.0,0.0,0.0,1,1,1
2025,1,piastri,mclaren,melbourne,2,0.08400000000000318,0.08400000000000318,0.0,25.0,0.0,1,1,1
2025,1,hamilton,ferrari,melbourne,8,0.8229999999999933,0.16400000000000148,0.0,4.0,0.0,1,1,1
2025,1,gasly,alpine,melbourne,9,0.8840000000000003,-0.33499999999999375,0.0,0.0,0.0,1,1,0
2025,1,tsunoda,racing_bulls,melbourne,5,0.5739999999999981,-0.5049999999999955,0.0,0.0,0.0,1,1,0
2025,1,ocon,haas_f1_team,melbourne,19,2.051000000000002,0.0,0.0,0.0,0.0,1,1,0
2025,1,bearman,haas_f1_team,melbourne,20,1.0847326315789478,0.0,0.0,0.0,0.0,1,1,0
2025,1,lawson,red_bull_racing,melbourne,18,1.9979999999999905,1.6129999999999995,0.0,18.0,0.0,1,1,0
2025,1,bortoleto,kick_sauber,melbourne,15,1.4200000000000017,-0.06299999999998818,0.0,6.0,0.0,1,1,0
2025,1,alonso,aston_martin,melbourne,12,1.191999999999993,-0.08100000000000307,0.0,8.0,0.0,1,1,0
2025,1,sainz,williams,melbourne,10,0.8349999999999937,0.19400000000000261,0.0,10.0,0.0,1,1,0
2025,1,doohan,alpine,melbourne,14,1.218999999999994,0.33499999999999375,0.0,0.0,0.0,1,1,0
2025,1,hadjar,racing_bulls,melbourne,11,1.0789999999999935,0.5049999999999955,0.0,0.0,0.0,1,1,0
2025,2,piastri,mclaren,shanghai,1,0.0,-0.1460000000000008,2.0,27.0,2.0,0,0,1
2025,2,norris,mclaren,shanghai,3,0.1460000000000008,0.1460000000000008,25.0,52.0,25.0,0,0,1
2025,2,russell,mercedes,shanghai,2,0.08199999999999363,-0.37999999999999545,15.0,27.0,15.0,0,0,1
2025,2,verstappen,red_bull_racing,shanghai,4,0.17599999999998772,-1.3570000000000135,18.0,18.0,18.0,0,0,1
2025,2,ocon,haas_f1_team,shanghai,11,0.9839999999999947,-0.3930000000000007,0.0,0.0,0.0,0,0,1
2025,2,antonelli,mercedes,shanghai,8,0.4619999999999891,0.37999999999999545,12.0,42.0,12.0,0,0,1
2025,2,albon,williams,shanghai,10,0.8619999999999948,-0.125,10.0,10.0,10.0,0,0,1
2025,2,bearman,haas_f1_team,shanghai,17,1.3769999999999953,0.3930000000000007,0.0,10.0,0.0,0,0,1
2025,2,stroll,aston_martin,shanghai,14,1.1319999999999908,0.08499999999999375,8.0,8.0,8.0,0,0,1
2025,2,sainz,williams,shanghai,15,0.9869999999999948,0.125,0.0,16.0,0.0,0,0,1
2025,2,hadjar,racing_bulls,shanghai,7,0.4379999999999882,-0.15900000000000603,0.0,0.0,0.0,0,0,0
2025,2,lawson,red_bull_racing,shanghai,20,1.5330000000000013,1.3570000000000135,0.0,30.0,0.0,0,0,0
2025,2,doohan,alpine,shanghai,18,1.4509999999999934,0.09999999999999432,0.0,0.0,0.0,0,0,0
2025,2,bortoleto,kick_sauber,shanghai,19,1.5,0.5090000000000003,0.0,6.0,0.0,0,0,0
2025,2,hulkenberg,kick_sauber,shanghai,12,0.9909999999999997,-0.5090000000000003,6.0,6.0,6.0,0,0,0
2025,2,tsunoda,racing_bulls,shanghai,9,0.5969999999999942,0.15900000000000603,0.0,0.0,0.0,0,0,0
2025,2,alonso,aston_martin,shanghai,13,1.046999999999997,-0.08499999999999375,0.0,10.0,0.0,0,0,0
2025,2,leclerc,ferrari,shanghai,6,0.37999999999999545,0.09399999999999409,4.0,5.0,4.0,0,0,0
2025,2,hamilton,ferrari,shanghai,5,0.28600000000000136,-0.09399999999999409,1.0,5.0,1.0,0,0,0
2025,2,gasly,alpine,shanghai,16,1.350999999999999,-0.09999999999999432,0.0,0.0,0.0,0,0,0
2025,3,verstappen,red_bull_racing,suzuka,1,0.0,-0.9839999999999947,30.0,30.0,15.0,0,0,1
2025,3,norris,mclaren,suzuka,2,0.012000000000000455,-0.031999999999996476,43.0,70.0,21.5,0,0,1
2025,3,piastri,mclaren,suzuka,3,0.04399999999999693,0.031999999999996476,27.0,88.0,13.5,0,0,1
2025,3,leclerc,ferrari,suzuka,4,0.3160000000000025,-0.31099999999999284,4.0,5.0,2.0,0,0,1
2025,3,russell,mercedes,suzuka,5,0.33499999999999375,-0.23700000000000898,30.0,50.0,15.0,0,0,1
2025,3,antonelli,mercedes,suzuka,6,0.5720000000000027,0.23700000000000898,20.0,60.0,10.0,0,0,1
2025,3,hamilton,ferrari,suzuka,8,0.6269999999999953,0.31099999999999284,1.0,17.0,0.5,0,0,1
2025,3,hadjar,racing_bulls,suzuka,7,0.5859999999999985,-0.3370000000000033,0.0,0.0,0.0,0,0,1
2025,3,albon,williams,suzuka,9,0.6319999999999908,-0.22100000000000364,16.0,17.0,8.0,0,0,1
2025,3,bearman,haas_f1_team,suzuka,10,0.7279999999999944,-0.9849999999999994,4.0,14.0,2.0,0,0,1
2025,3,alonso,aston_martin,suzuka,13,0.9140000000000015,-1.3739999999999952,0.0,10.0,0.0,0,0,0
2025,3,tsunoda,red_bull_racing,suzuka,15,0.9839999999999947,0.9839999999999947,0.0,55.0,0.0,0,0,0
2025,3,gasly,alpine,suzuka,11,0.8389999999999986,-1.0549999999999926,0.0,0.0,0.0,0,0,0
2025,3,sainz,williams,suzuka,12,0.8529999999999944,0.22100000000000364,1.0,19.0,0.5,0,0,0
2025,3,doohan,alpine,suzuka,19,1.8939999999999912,1.0549999999999926,0.0,0.0,0.0,0,0,0
2025,3,hulkenberg,kick_sauber,suzuka,16,1.586999999999989,-0.05200000000000671,6.0,6.0,3.0,0,0,0
2025,3,lawson,racing_bulls,suzuka,14,0.9230000000000018,0.3370000000000033,0.0,4.0,0.0,0,0,0
2025,3,ocon,haas_f1_team,suzuka,18,1.7129999999999939,0.9849999999999994,10.0,15.0,5.0,0,0,0
2025,3,bortoleto,kick_sauber,suzuka,17,1.6389999999999958,0.05200000000000671,0.0,6.0,0.0,0,0,0
2025,3,stroll,aston_martin,suzuka,20,2.2879999999999967,1.3739999999999952,10.0,10.0,5.0,0,0,0
2025,4,piastri,mclaren,sakhir,1,0.0,-0.42600000000000193,42.0,103.0,14.0,0,0,1
2025,4,russell,mercedes,sakhir,2,0.16800000000000637,-0.20399999999999352,40.0,68.0,13.333333333333334,0,0,1
2025,4,norris,mclaren,sakhir,6,0.42600000000000193,0.42600000000000193,61.0,128.0,20.333333333333332,0,0,1
2025,4,leclerc,ferrari,sakhir,3,0.3340000000000032,-0.5970000000000084,16.0,23.0,5.333333333333333,0,0,1
2025,4,hamilton,ferrari,sakhir,9,0.9310000000000116,0.5970000000000084,7.0,35.0,2.3333333333333335,0,0,1
2025,4,verstappen,red_bull_racing,sakhir,7,0.5820000000000078,-0.8049999999999926,55.0,55.0,18.333333333333332,0,0,1
2025,4,gasly,alpine,sakhir,5,0.375,-1.0290000000000106,0.0,0.0,0.0,0,0,1
2025,4,ocon,haas_f1_team,sakhir,14,1.7530000000000001,-0.7790000000000106,10.0,15.0,3.3333333333333335,0,0,1
2025,4,tsunoda,red_bull_racing,sakhir,10,1.3870000000000005,0.8049999999999926,0.0,63.0,0.0,0,0,1
2025,4,bearman,haas_f1_team,sakhir,20,2.5320000000000107,0.7790000000000106,5.0,19.0,1.6666666666666667,0,0,1
2025,4,antonelli,mercedes,sakhir,4,0.3719999999999999,0.20399999999999352,28.0,86.0,9.333333333333334,0,0,0
2025,4,albon,williams,sakhir,15,2.1990000000000123,1.3599999999999994,18.0,19.0,6.0,0,0,0
2025,4,hadjar,racing_bulls,sakhir,12,1.4300000000000068,-0.8940000000000055,4.0,4.0,1.3333333333333333,0,0,0
2025,4,doohan,alpine,sakhir,11,1.4040000000000106,1.0290000000000106,0.0,6.0,0.0,0,0,0
2025,4,alonso,aston_martin,sakhir,13,1.7930000000000064,-0.6490000000000009,0.0,10.0,0.0,0,0,0
2025,4,lawson,racing_bulls,sakhir,17,2.3240000000000123,0.8940000000000055,0.0,4.0,0.0,0,0,0
2025,4,stroll,aston_martin,sakhir,19,2.4420000000000073,0.6490000000000009,10.0,10.0,3.3333333333333335,0,0,0
2025,4,bortoleto,kick_sauber,sakhir,18,2.345000000000013,0.4930000000000092,0.0,6.0,0.0,0,0,0
2025,4,sainz,williams,sakhir,8,0.8390000000000128,-1.3599999999999994,1.0,19.0,0.3333333333333333,0,0,0
2025,4,hulkenberg,kick_sauber,sakhir,16,1.8520000000000039,-0.4930000000000092,6.0,6.0,2.0,0,0,0
2025,5,piastri,mclaren,jeddah,2,0.010000000000005116,-0.1769999999999925,67.0,143.0,21.666666666666668,1,0,1
2025,5,verstappen,red_bull_racing,jeddah,1,0.0,-0.695999999999998,63.0,65.0,15.0,1,0,1
2025,5,leclerc,ferrari,jeddah,4,0.3760000000000048,-0.43200000000000216,28.0,45.0,8.0,1,0,1
2025,5,norris,mclaren,jeddah,10,0.1869999999999976,0.1769999999999925,76.0,168.0,17.0,1,0,1
2025,5,russell,mercedes,jeddah,3,0.11299999999999955,-0.39100000000000534,58.0,86.0,14.333333333333334,1,0,1
2025,5,antonelli,mercedes,jeddah,5,0.5040000000000049,0.39100000000000534,28.0,96.0,5.333333333333333,1,0,1
2025,5,hamilton,ferrari,jeddah,7,0.8080000000000069,0.43200000000000216,17.0,60.0,5.333333333333333,1,0,1
2025,5,sainz,williams,jeddah,6,0.730000000000004,-0.08499999999999375,1.0,19.0,0.3333333333333333,1,0,1
2025,5,albon,williams,jeddah,11,0.8149999999999977,0.08499999999999375,18.0,23.0,2.6666666666666665,1,0,1
2025,5,hadjar,racing_bulls,jeddah,14,1.1240000000000094,0.22700000000000387,4.0,4.0,1.3333333333333333,1,0,1
2025,5,alonso,aston_martin,jeddah,13,1.0090000000000003,-0.34199999999999875,0.0,10.0,0.0,1,0,0
2025,5,lawson,racing_bulls,jeddah,12,0.8970000000000056,-0.22700000000000387,0.0,5.0,0.0,1,0,0
2025,5,bearman,haas_f1_team,jeddah,15,1.2420000000000044,-0.5559999999999974,6.0,20.0,2.0,1,0,0
2025,5,ocon,haas_f1_team,jeddah,19,1.7980000000000018,0.5559999999999974,14.0,20.0,4.666666666666667,1,0,0
2025,5,hulkenberg,kick_sauber,jeddah,18,1.4879999999999995,-0.6800000000000068,6.0,6.0,0.0,1,0,0
2025,5,stroll,aston_martin,jeddah,16,1.350999999999999,0.34199999999999875,10.0,10.0,0.6666666666666666,1,0,0
2025,5,doohan,alpine,jeddah,17,1.4450000000000074,0.7139999999999986,0.0,6.0,0.0,1,0,0
2025,5,bortoleto,kick_sauber,jeddah,20,2.1680000000000064,0.6800000000000068,0.0,6.0,0.0,1,0,0
2025,5,tsunoda,red_bull_racing,jeddah,8,0.695999999999998,0.695999999999998,2.0,83.0,0.6666666666666666,1,0,0
2025,5,gasly,alpine,jeddah,9,0.7310000000000088,-0.7139999999999986,6.0,6.0,2.0,1,0,0
2025,6,piastri,mclaren,miami_gardens,4,0.06500000000001194,0.0,92.0,180.0,21.666666666666668,1,1,1
2025,6,norris,mclaren,miami_gardens,2,0.06500000000001194,0.0,88.0,205.0,15.0,1,1,1
2025,6,russell,mercedes,miami_gardens,5,0.1810000000000116,0.11400000000000432,68.0,104.0,12.666666666666666,1,1,1
2025,6,verstappen,red_bull_racing,miami_gardens,1,0.0,-0.7390000000000043,81.0,83.0,17.0,1,1,1
2025,6,albon,williams,miami_gardens,7,0.47800000000000864,0.11299999999999955,20.0,25.0,1.3333333333333333,1,1,1
2025,6,antonelli,mercedes,miami_gardens,3,0.06700000000000728,-0.11400000000000432,36.0,119.0,5.333333333333333,1,1,1
2025,6,leclerc,ferrari,miami_gardens,8,0.5500000000000114,-0.25199999999999534,43.0,66.0,13.0,1,1,1
2025,6,hamilton,ferrari,miami_gardens,12,0.8020000000000067,0.25199999999999534,23.0,72.0,7.333333333333333,1,1,1
2025,6,sainz,williams,miami_gardens,6,0.3650000000000091,-0.11299999999999955,5.0,35.0,1.3333333333333333,1,1,1
2025,6,tsunoda,red_bull_racing,miami_gardens,10,0.7390000000000043,0.7390000000000043,2.0,95.0,0.6666666666666666,1,1,1
2025,6,hadjar,racing_bulls,miami_gardens,11,0.7830000000000013,-0.3760000000000048,5.0,5.0,1.6666666666666667,1,1,0
2025,6,ocon,haas_f1_team,miami_gardens,9,0.6200000000000045,-1.1749999999999972,14.0,20.0,1.3333333333333333,1,1,0
2025,6,gasly,alpine,miami_gardens,18,1.5060000000000002,0.5239999999999867,6.0,6.0,2.0,1,1,0
2025,6,hulkenberg,kick_sauber,miami_gardens,16,1.2690000000000055,0.32200000000000273,6.0,6.0,0.0,1,1,0
2025,6,alonso,aston_martin,miami_gardens,17,1.4000000000000057,-0.2259999999999991,0.0,10.0,0.0,1,1,0
2025,6,stroll,aston_martin,miami_gardens,19,1.6260000000000048,0.2259999999999991,10.0,10.0,0.0,1,1,0
2025,6,lawson,racing_bulls,miami_gardens,15,1.159000000000006,0.3760000000000048,0.0,5.0,0.0,1,1,0
2025,6,bortoleto,kick_sauber,miami_gardens,13,0.9470000000000027,-0.32200000000000273,0.0,6.0,0.0,1,1,0
2025,6,bearman,haas_f1_team,miami_gardens,20,1.7950000000000017,1.1749999999999972,6.0,20.0,0.6666666666666666,1,1,0
2025,6,doohan,alpine,miami_gardens,14,0.9820000000000135,-0.5239999999999867,0.0,6.0,0.0,1,1,0
2025,7,verstappen,red_bull_racing,imola,2,0.033999999999991815,0.0,93.0,96.0,12.666666666666666,0,0,1
2025,7,norris,mclaren,imola,4,0.2920000000000016,0.2920000000000016,106.0,223.0,15.0,0,0,1
2025,7,piastri,mclaren,imola,1,0.0,-0.2920000000000016,117.0,241.0,25.0,0,0,1
2025,7,hamilton,ferrari,imola,12,1.0949999999999989,0.16100000000000136,27.0,76.0,6.666666666666667,0,0,1
2025,7,albon,williams,imola,7,0.8029999999999973,0.2750000000000057,30.0,37.0,4.0,0,0,1
2025,7,leclerc,ferrari,imola,11,0.9339999999999975,-0.16100000000000136,49.0,88.0,11.0,0,0,1
2025,7,russell,mercedes,imola,3,0.13700000000000045,-0.9650000000000034,83.0,127.0,14.333333333333334,0,0,1
2025,7,sainz,williams,imola,6,0.5279999999999916,-0.2750000000000057,7.0,47.0,2.0,0,0,1
2025,7,hadjar,racing_bulls,imola,9,0.8400000000000034,-0.8689999999999998,5.0,5.0,0.3333333333333333,0,0,1
2025,7,tsunoda,red_bull_racing,imola,20,1.0847326315789478,0.0,3.0,121.0,1.0,0,0,1
2025,7,alonso,aston_martin,imola,5,0.7609999999999957,-0.0660000000000025,0.0,10.0,0.0,0,0,0
2025,7,hulkenberg,kick_sauber,imola,17,1.847999999999999,0.25799999999999557,6.0,6.0,0.0,0,0,0
2025,7,gasly,alpine,imola,10,0.8349999999999937,-0.7510000000000048,6.0,6.0,2.0,0,0,0
2025,7,lawson,racing_bulls,imola,16,1.7090000000000032,0.8689999999999998,0.0,7.0,0.0,0,0,0
2025,7,stroll,aston_martin,imola,8,0.8269999999999982,0.0660000000000025,10.0,10.0,0.0,0,0,0
2025,7,colapinto,alpine,imola,15,1.5859999999999985,0.7510000000000048,0.0,6.0,0.0,0,0,0
2025,7,bearman,haas_f1_team,imola,19,1.4069999999999965,-0.5360000000000014,6.0,20.0,0.3333333333333333,0,0,0
2025,7,bortoleto,kick_sauber,imola,14,1.5900000000000034,-0.25799999999999557,0.0,6.0,0.0,0,0,0
2025,7,antonelli,mercedes,imola,13,1.1020000000000039,0.9650000000000034,44.0,133.0,5.333333333333333,0,0,0
2025,7,ocon,haas_f1_team,imola,18,1.9429999999999978,0.5360000000000014,14.0,20.0,1.3333333333333333,0,0,0
2025,8,norris,mclaren,monaco,1,0.0,-0.17500000000001137,124.0,256.0,16.0,1,0,1
2025,8,leclerc,ferrari,monaco,2,0.10900000000000887,-0.3190000000000026,57.0,96.0,9.666666666666666,1,0,1
2025,8,piastri,mclaren,monaco,3,0.17500000000001137,0.17500000000001137,132.0,281.0,21.666666666666668,1,0,1
2025,8,verstappen,red_bull_racing,monaco,5,0.7150000000000034,-0.7460000000000093,118.0,122.0,18.333333333333332,1,0,1
2025,8,hamilton,ferrari,monaco,4,0.4280000000000115,0.3190000000000026,39.0,114.0,7.333333333333333,1,0,1
2025,8,hadjar,racing_bulls,monaco,6,0.9690000000000083,-0.20600000000000307,7.0,7.0,1.0,1,0,1
2025,8,ocon,haas_f1_team,monaco,8,0.9879999999999995,-1.0370000000000061,14.0,20.0,0.0,1,0,1
2025,8,lawson,racing_bulls,monaco,9,1.1750000000000114,0.20600000000000307,0.0,15.0,0.0,1,0,1
2025,8,albon,williams,monaco,10,0.7780000000000058,-0.6299999999999955,40.0,51.0,7.333333333333333,1,0,1
2025,8,sainz,williams,monaco,11,1.4080000000000013,0.6299999999999955,11.0,53.0,3.3333333333333335,1,0,1
2025,8,russell,mercedes,monaco,14,1.5530000000000115,-0.37299999999999045,89.0,133.0,10.333333333333334,1,0,0
2025,8,bearman,haas_f1_team,monaco,17,2.0250000000000057,1.0370000000000061,6.0,26.0,0.0,1,0,0
2025,8,colapinto,alpine,monaco,20,2.6430000000000007,0.6029999999999944,0.0,6.0,0.0,1,0,0
2025,8,bortoleto,kick_sauber,monaco,16,1.9480000000000075,0.3059999999999974,0.0,6.0,0.0,1,0,0
2025,8,stroll,aston_martin,monaco,19,2.609000000000009,1.6389999999999958,10.0,10.0,0.0,1,0,0
2025,8,hulkenberg,kick_sauber,monaco,13,1.6420000000000101,-0.3059999999999974,6.0,6.0,0.0,1,0,0
2025,8,tsunoda,red_bull_racing,monaco,12,1.4610000000000127,0.7460000000000093,4.0,134.0,0.6666666666666666,1,0,0
2025,8,antonelli,mercedes,monaco,15,1.926000000000002,0.37299999999999045,44.0,133.0,5.333333333333333,1,0,0
2025,8,alonso,aston_martin,monaco,7,0.9700000000000131,-1.6389999999999958,0.0,10.0,0.0,1,0,0
2025,8,gasly,alpine,monaco,18,2.0400000000000063,-0.6029999999999944,6.0,6.0,0.0,1,0,0
2025,9,piastri,mclaren,barcelona,1,0.0,-0.20899999999998897,147.0,296.0,18.333333333333332,0,0,1
2025,9,norris,mclaren,barcelona,2,0.20899999999998897,0.20899999999998897,149.0,321.0,20.333333333333332,0,0,1
2025,9,leclerc,ferrari,barcelona,7,0.5849999999999937,0.08599999999999852,75.0,124.0,10.666666666666666,0,0,1
2025,9,russell,mercedes,barcelona,4,0.3019999999999925,-0.26300000000000523,89.0,133.0,7.0,0,0,1
2025,9,hulkenberg,kick_sauber,barcelona,16,1.6439999999999912,0.4339999999999975,6.0,6.0,0.0,0,0,1
2025,9,hamilton,ferrari,barcelona,5,0.4989999999999952,-0.08599999999999852,49.0,139.0,8.666666666666666,0,0,1
2025,9,hadjar,racing_bulls,barcelona,9,0.7059999999999889,-0.5110000000000099,15.0,19.0,3.3333333333333335,0,0,1
2025,9,gasly,alpine,barcelona,8,0.6529999999999916,-1.1350000000000051,6.0,6.0,0.0,0,0,1
2025,9,alonso,aston_martin,barcelona,10,0.7379999999999995,0.0,0.0,10.0,0.0,0,0,1
2025,9,verstappen,red_bull_racing,barcelona,3,0.3019999999999925,-1.5370000000000061,130.0,134.0,16.333333333333332,0,0,1
2025,9,lawson,racing_bulls,barcelona,13,1.2169999999999987,0.5110000000000099,4.0,25.0,1.3333333333333333,0,0,0
2025,9,bortoleto,kick_sauber,barcelona,12,1.2099999999999937,-0.4339999999999975,0.0,16.0,0.0,0,0,0
2025,9,tsunoda,red_bull_racing,barcelona,20,1.8389999999999986,1.5370000000000061,4.0,135.0,0.6666666666666666,0,0,0
2025,9,sainz,williams,barcelona,18,1.6569999999999965,0.5619999999999976,12.0,54.0,2.3333333333333335,0,0,0
2025,9,colapinto,alpine,barcelona,19,1.7879999999999967,1.1350000000000051,0.0,10.0,0.0,0,0,0
2025,9,ocon,haas_f1_team,barcelona,17,1.654999999999987,0.12699999999999534,20.0,26.0,2.0,0,0,0
2025,9,bearman,haas_f1_team,barcelona,15,1.5279999999999916,-0.12699999999999534,6.0,26.0,0.0,0,0,0
2025,9,antonelli,mercedes,barcelona,6,0.5649999999999977,0.26300000000000523,44.0,145.0,2.6666666666666665,0,0,0
2025,9,albon,williams,barcelona,11,1.0949999999999989,-0.5619999999999976,42.0,54.0,7.333333333333333,0,0,0
2025,10,russell,mercedes,montr_al,1,0.0,-0.49200000000000443,101.0,145.0,6.0,0,1,1
2025,10,verstappen,red_bull_racing,montr_al,2,0.1599999999999966,-1.0430000000000064,131.0,135.0,12.666666666666666,0,1,1
2025,10,antonelli,mercedes,montr_al,4,0.49200000000000443,0.49200000000000443,44.0,170.0,0.0,0,1,1
2025,10,piastri,mclaren,montr_al,3,0.22100000000000364,-0.4789999999999992,172.0,339.0,18.333333333333332,0,1,1
2025,10,leclerc,ferrari,montr_al,8,0.7270000000000039,0.10000000000000853,90.0,147.0,13.666666666666666,0,1,1
2025,10,hamilton,ferrari,montr_al,5,0.6269999999999953,-0.10000000000000853,57.0,157.0,10.0,0,1,1
2025,10,alonso,aston_martin,montr_al,6,0.6869999999999976,-0.9309999999999974,2.0,12.0,0.6666666666666666,0,1,1
2025,10,hulkenberg,kick_sauber,montr_al,13,1.284000000000006,-0.20199999999999818,16.0,16.0,3.3333333333333335,0,1,1
2025,10,ocon,haas_f1_team,montr_al,15,1.4789999999999992,0.07200000000000273,20.0,26.0,2.0,0,1,1
2025,10,sainz,williams,montr_al,17,1.4989999999999952,0.5060000000000002,12.0,54.0,1.6666666666666667,0,1,1
2025,10,bearman,haas_f1_team,montr_al,14,1.4069999999999965,-0.07200000000000273,6.0,28.0,0.0,0,1,0
2025,10,tsunoda,red_bull_racing,montr_al,11,1.203000000000003,1.0430000000000064,4.0,153.0,0.3333333333333333,0,1,0
2025,10,colapinto,alpine,montr_al,12,1.242999999999995,-0.5250000000000057,0.0,10.0,0.0,0,1,0
2025,10,bortoleto,kick_sauber,montr_al,16,1.4860000000000042,0.20199999999999818,0.0,20.0,0.0,0,1,0
2025,10,gasly,alpine,montr_al,20,1.7680000000000007,0.5250000000000057,10.0,10.0,1.3333333333333333,0,1,0
2025,10,hadjar,racing_bulls,montr_al,9,0.9680000000000035,-0.6580000000000013,21.0,25.0,5.333333333333333,0,1,0
2025,10,stroll,aston_martin,montr_al,18,1.617999999999995,0.9309999999999974,10.0,18.0,0.0,0,1,0
2025,10,norris,mclaren,montr_al,7,0.7000000000000028,0.4789999999999992,167.0,351.0,20.333333333333332,0,1,0
2025,10,lawson,racing_bulls,montr_al,19,1.6260000000000048,0.6580000000000013,4.0,25.0,1.3333333333333333,0,1,0
2025,10,albon,williams,montr_al,10,0.992999999999995,-0.5060000000000002,42.0,55.0,4.0,0,1,0
2025,11,norris,mclaren,spielberg,1,0.0,-0.5830000000000055,167.0,351.0,14.333333333333334,0,0,1
2025,11,piastri,mclaren,spielberg,3,0.5830000000000055,0.5830000000000055,184.0,376.0,17.333333333333332,0,0,1
2025,11,leclerc,ferrari,spielberg,2,0.5210000000000079,-0.0899999999999892,100.0,165.0,14.333333333333334,0,0,1
2025,11,hamilton,ferrari,spielberg,4,0.6109999999999971,0.0899999999999892,65.0,180.0,8.666666666666666,0,0,1
2025,11,russell,mercedes,spielberg,5,0.7920000000000087,-0.2890000000000015,126.0,185.0,12.333333333333334,0,0,1
2025,11,lawson,racing_bulls,spielberg,6,0.9550000000000054,-0.13700000000000045,4.0,25.0,1.3333333333333333,0,0,1
2025,11,alonso,aston_martin,spielberg,11,1.1570000000000036,-0.2009999999999934,8.0,18.0,2.6666666666666665,0,0,1
2025,11,bortoleto,kick_sauber,spielberg,8,0.8750000000000071,-0.7599999999999909,0.0,20.0,0.0,0,0,1
2025,11,hulkenberg,kick_sauber,spielberg,20,1.634999999999998,0.7599999999999909,20.0,24.0,4.666666666666667,0,0,1
2025,11,ocon,haas_f1_team,spielberg,17,1.3930000000000078,0.1460000000000008,22.0,28.0,2.6666666666666665,0,0,1
2025,11,bearman,haas_f1_team,spielberg,15,1.247000000000007,-0.1460000000000008,6.0,29.0,0.0,0,0,0
2025,11,hadjar,racing_bulls,spielberg,13,1.0920000000000059,0.13700000000000045,21.0,33.0,4.666666666666667,0,0,0
2025,11,gasly,alpine,spielberg,10,0.8750000000000071,-0.43200000000000216,10.0,10.0,1.3333333333333333,0,0,0
2025,11,stroll,aston_martin,spielberg,16,1.357999999999997,0.2009999999999934,10.0,24.0,0.0,0,0,0
2025,11,colapinto,alpine,spielberg,14,1.3070000000000093,0.43200000000000216,0.0,10.0,0.0,0,0,0
2025,11,tsunoda,red_bull_racing,spielberg,18,1.3980000000000032,0.5330000000000013,4.0,153.0,0.0,0,0,0
2025,11,albon,williams,spielberg,12,1.1720000000000041,-0.43899999999999295,42.0,55.0,0.6666666666666666,0,0,0
2025,11,verstappen,red_bull_racing,spielberg,7,0.865000000000002,-0.5330000000000013,149.0,153.0,10.333333333333334,0,0,0
2025,11,antonelli,mercedes,spielberg,9,1.0810000000000102,0.2890000000000015,59.0,195.0,5.0,0,0,0
2025,11,sainz,williams,spielberg,19,1.610999999999997,0.43899999999999295,13.0,55.0,0.6666666666666666,0,0,0
2025,12,norris,mclaren,silverstone,3,0.11800000000000921,0.015000000000000568,192.0,394.0,14.333333333333334,0,1,1
2025,12,piastri,mclaren,silverstone,2,0.10300000000000864,-0.015000000000000568,202.0,419.0,18.333333333333332,0,1,1
2025,12,hulkenberg,kick_sauber,silverstone,19,1.6820000000000022,0.1280000000000001,22.0,26.0,5.333333333333333,0,1,1
2025,12,hamilton,ferrari,silverstone,5,0.19200000000000728,-0.03699999999999193,77.0,192.0,9.333333333333334,0,1,1
2025,12,verstappen,red_bull_racing,silverstone,1,0.0,-0.9339999999999975,149.0,153.0,6.333333333333333,0,1,1
2025,12,gasly,alpine,silverstone,10,0.8190000000000026,-1.3490000000000038,10.0,10.0,1.3333333333333333,0,1,1
2025,12,stroll,aston_martin,silverstone,18,1.612000000000009,0.9110000000000014,10.0,24.0,0.0,0,1,1
2025,12,albon,williams,silverstone,14,0.9969999999999999,0.14300000000000068,42.0,55.0,0.0,0,1,1
2025,12,alonso,aston_martin,silverstone,9,0.7010000000000076,-0.9110000000000014,14.0,30.0,4.666666666666667,0,1,1
2025,12,russell,mercedes,silverstone,4,0.13700000000000045,-0.34499999999999886,136.0,195.0,15.666666666666666,0,1,1
2025,12,bearman,haas_f1_team,silverstone,8,0.5790000000000077,-0.4789999999999992,6.0,29.0,0.0,0,1,0
2025,12,sainz,williams,silverstone,11,0.8539999999999992,-0.14300000000000068,13.0,59.0,0.3333333333333333,0,1,0
2025,12,ocon,haas_f1_team,silverstone,15,1.058000000000007,0.4789999999999992,23.0,29.0,1.0,0,1,0
2025,12,leclerc,ferrari,silverstone,6,0.2289999999999992,0.03699999999999193,115.0,204.0,13.333333333333334,0,1,0
2025,12,tsunoda,red_bull_racing,silverstone,12,0.9339999999999975,0.9339999999999975,4.0,163.0,0.0,0,1,0
2025,12,antonelli,mercedes,silverstone,7,0.4819999999999993,0.34499999999999886,59.0,196.0,5.0,0,1,0
2025,12,hadjar,racing_bulls,silverstone,13,0.9720000000000084,-0.5759999999999934,21.0,33.0,2.0,0,1,0
2025,12,bortoleto,kick_sauber,silverstone,17,1.554000000000002,-0.1280000000000001,4.0,41.0,1.3333333333333333,0,1,0
2025,12,lawson,racing_bulls,silverstone,16,1.5480000000000018,0.5759999999999934,12.0,33.0,2.6666666666666665,0,1,0
2025,12,colapinto,alpine,silverstone,20,2.1680000000000064,1.3490000000000038,0.0,18.0,0.0,0,1,0
2025,13,piastri,mclaren,spa_francorchamps,2,0.06400000000000716,0.06400000000000716,220.0,437.0,16.0,0,1,1
2025,13,norris,mclaren,spa_francorchamps,1,0.0,-0.06400000000000716,217.0,462.0,16.666666666666668,0,1,1
2025,13,leclerc,ferrari,spa_francorchamps,3,0.33800000000000807,-0.7639999999999958,115.0,204.0,8.333333333333334,0,1,1
2025,13,verstappen,red_bull_racing,spa_francorchamps,4,0.3410000000000082,-0.34199999999999875,159.0,163.0,9.333333333333334,0,1,1
2025,13,russell,mercedes,spa_francorchamps,6,0.6920000000000073,-0.8849999999999909,137.0,196.0,12.0,0,1,1
2025,13,albon,williams,spa_francorchamps,5,0.6389999999999958,-0.4900000000000091,46.0,59.0,1.3333333333333333,0,1,1
2025,13,hamilton,ferrari,spa_francorchamps,16,1.1020000000000039,0.7639999999999958,89.0,219.0,10.666666666666666,0,1,1
2025,13,lawson,racing_bulls,spa_francorchamps,9,0.7349999999999994,0.015999999999991132,12.0,33.0,2.6666666666666665,0,1,1
2025,13,bortoleto,kick_sauber,spa_francorchamps,10,0.7740000000000009,-0.3709999999999951,4.0,41.0,1.3333333333333333,0,1,1
2025,13,gasly,alpine,spa_francorchamps,13,1.070999999999998,-0.38900000000001,18.0,18.0,2.6666666666666665,0,1,1
2025,13,bearman,haas_f1_team,spa_francorchamps,12,1.0550000000000068,0.09199999999999875,6.0,29.0,0.0,0,1,0
2025,13,hulkenberg,kick_sauber,spa_francorchamps,14,1.144999999999996,0.3709999999999951,37.0,43.0,7.0,0,1,0
2025,13,tsunoda,red_bull_racing,spa_francorchamps,7,0.6830000000000069,0.34199999999999875,4.0,175.0,0.0,0,1,0
2025,13,stroll,aston_martin,spa_francorchamps,20,1.9399999999999977,0.11699999999999022,16.0,32.0,2.0,0,1,0
2025,13,ocon,haas_f1_team,spa_francorchamps,11,0.9630000000000081,-0.09199999999999875,23.0,29.0,1.0,0,1,0
2025,13,antonelli,mercedes,spa_francorchamps,18,1.5769999999999982,0.8849999999999909,59.0,206.0,5.0,0,1,0
2025,13,alonso,aston_martin,spa_francorchamps,19,1.8230000000000075,-0.11699999999999022,16.0,32.0,4.666666666666667,0,1,0
2025,13,sainz,williams,spa_francorchamps,15,1.1290000000000049,0.4900000000000091,13.0,67.0,0.3333333333333333,0,1,0
2025,13,colapinto,alpine,spa_francorchamps,17,1.460000000000008,0.38900000000001,0.0,19.0,0.0,0,1,0
2025,13,hadjar,racing_bulls,spa_francorchamps,8,0.7190000000000083,-0.015999999999991132,21.0,37.0,0.0,0,1,0
2025,14,norris,mclaren,budapest,3,0.0,-0.05100000000000193,235.0,480.0,22.666666666666668,0,0,1
2025,14,piastri,mclaren,budapest,2,0.05100000000000193,0.05100000000000193,245.0,505.0,20.333333333333332,0,0,1
2025,14,russell,mercedes,budapest,4,0.31099999999999284,-0.49200000000000443,147.0,206.0,7.0,0,0,1
2025,14,leclerc,ferrari,budapest,1,0.4819999999999993,-0.3299999999999983,130.0,225.0,10.0,0,0,1
2025,14,alonso,aston_martin,budapest,5,0.39100000000000534,0.15200000000000102,16.0,32.0,2.6666666666666665,0,0,1
2025,14,bortoleto,kick_sauber,budapest,7,0.695999999999998,-0.49500000000000455,6.0,43.0,2.0,0,0,1
2025,14,stroll,aston_martin,budapest,6,0.23900000000000432,-0.15200000000000102,16.0,42.0,2.0,0,0,1
2025,14,lawson,racing_bulls,budapest,9,0.7399999999999949,0.16100000000000136,16.0,37.0,4.0,0,0,1
2025,14,verstappen,red_bull_racing,budapest,8,0.6569999999999965,-0.35200000000000387,171.0,175.0,7.333333333333333,0,0,1
2025,14,antonelli,mercedes,budapest,15,0.8029999999999973,0.49200000000000443,59.0,221.0,0.0,0,0,1
2025,14,hadjar,racing_bulls,budapest,10,0.5789999999999935,-0.16100000000000136,21.0,41.0,0.0,0,0,0
2025,14,hamilton,ferrari,budapest,12,0.8119999999999976,0.3299999999999983,95.0,237.0,10.0,0,0,0
2025,14,hulkenberg,kick_sauber,budapest,19,1.1910000000000025,0.49500000000000455,37.0,51.0,5.666666666666667,0,0,0
2025,14,sainz,williams,budapest,13,0.7620000000000005,-0.570999999999998,13.0,67.0,0.0,0,0,0
2025,14,albon,williams,budapest,20,1.3329999999999984,0.570999999999998,54.0,67.0,4.0,0,0,0
2025,14,ocon,haas_f1_team,budapest,18,1.1329999999999956,0.3289999999999935,23.0,29.0,0.3333333333333333,0,0,0
2025,14,tsunoda,red_bull_racing,budapest,16,1.0090000000000003,0.35200000000000387,4.0,177.0,0.0,0,0,0
2025,14,colapinto,alpine,budapest,14,0.9849999999999994,-0.09099999999999397,0.0,19.0,0.0,0,0,0
2025,14,gasly,alpine,budapest,17,1.0759999999999934,0.09099999999999397,19.0,19.0,3.0,0,0,0
2025,14,bearman,haas_f1_team,budapest,11,0.804000000000002,-0.3289999999999935,6.0,29.0,0.0,0,0,0
2025,15,piastri,mclaren,zandvoort,1,0.0,-0.012000000000000455,263.0,523.0,20.333333333333332,0,0,1
2025,15,verstappen,red_bull_racing,zandvoort,3,0.262999999999991,-0.6970000000000027,173.0,177.0,8.0,0,0,1
2025,15,hadjar,racing_bulls,zandvoort,4,0.5459999999999923,-0.17499999999999716,21.0,41.0,0.0,0,0,1
2025,15,russell,mercedes,zandvoort,5,0.5929999999999893,-0.23799999999999955,162.0,222.0,8.666666666666666,0,0,1
2025,15,albon,williams,zandvoort,15,0.9899999999999949,0.18000000000000682,54.0,67.0,4.0,0,0,1
2025,15,bearman,haas_f1_team,zandvoort,19,1.5999999999999943,0.06499999999999773,6.0,29.0,0.0,0,0,1
2025,15,stroll,aston_martin,zandvoort,20,23.384,22.680000000000007,22.0,48.0,4.0,0,0,1
2025,15,alonso,aston_martin,zandvoort,10,0.7039999999999935,-22.680000000000007,26.0,54.0,4.0,0,0,1
2025,15,tsunoda,red_bull_racing,zandvoort,12,0.9599999999999937,0.6970000000000027,4.0,195.0,0.0,0,0,1
2025,15,ocon,haas_f1_team,zandvoort,18,1.5349999999999966,-0.06499999999999773,23.0,37.0,0.0,0,0,1
2025,15,colapinto,alpine,zandvoort,16,1.441999999999993,0.46699999999999875,0.0,19.0,0.0,0,0,0
2025,15,lawson,racing_bulls,zandvoort,8,0.7209999999999894,0.17499999999999716,20.0,56.0,2.6666666666666665,0,0,0
2025,15,sainz,williams,zandvoort,9,0.8099999999999881,-0.18000000000000682,13.0,77.0,0.0,0,0,0
2025,15,hulkenberg,kick_sauber,zandvoort,17,1.532999999999987,0.5729999999999933,37.0,51.0,5.0,0,0,0
2025,15,bortoleto,kick_sauber,zandvoort,13,0.9599999999999937,-0.5729999999999933,14.0,51.0,3.3333333333333335,0,0,0
2025,15,antonelli,mercedes,zandvoort,11,0.8309999999999889,0.23799999999999955,60.0,234.0,0.3333333333333333,0,0,0
2025,15,gasly,alpine,zandvoort,14,0.9749999999999943,-0.46699999999999875,19.0,19.0,3.0,0,0,0
2025,15,norris,mclaren,zandvoort,2,0.012000000000000455,0.012000000000000455,260.0,548.0,22.666666666666668,0,0,0
2025,15,leclerc,ferrari,zandvoort,6,0.6419999999999959,0.043000000000006366,142.0,237.0,9.0,0,0,0
2025,15,hamilton,ferrari,zandvoort,7,0.5989999999999895,-0.043000000000006366,95.0,237.0,6.0,0,0,0
2025,16,verstappen,red_bull_racing,monza,1,0.0,-0.6410000000000053,191.0,197.0,10.666666666666666,0,0,1
2025,16,norris,mclaren,monza,2,0.07699999999999818,-0.11299999999999955,260.0,548.0,14.333333333333334,0,0,1
2025,16,piastri,mclaren,monza,3,0.18999999999999773,0.11299999999999955,288.0,566.0,22.666666666666668,0,0,1
2025,16,leclerc,ferrari,monza,4,0.2150000000000034,-0.11699999999999022,142.0,237.0,9.0,0,0,1
2025,16,russell,mercedes,monza,6,0.3649999999999949,-0.043000000000006366,174.0,234.0,12.333333333333334,0,0,1
2025,16,hamilton,ferrari,monza,5,0.33199999999999363,0.11699999999999022,95.0,249.0,2.0,0,0,1
2025,16,albon,williams,monza,14,0.7909999999999968,0.05499999999999261,64.0,77.0,6.0,0,0,1
2025,16,bortoleto,kick_sauber,monza,8,0.5309999999999917,-0.17500000000001137,14.0,51.0,3.3333333333333335,0,0,1
2025,16,antonelli,mercedes,monza,7,0.40800000000000125,0.043000000000006366,60.0,244.0,0.3333333333333333,0,0,1
2025,16,hadjar,racing_bulls,monza,16,1.125,-0.36199999999999477,36.0,56.0,5.0,0,0,1
2025,16,sainz,williams,monza,13,0.7360000000000042,-0.05499999999999261,13.0,83.0,0.0,0,0,0
2025,16,bearman,haas_f1_team,monza,11,0.6539999999999964,-0.2609999999999957,14.0,38.0,2.6666666666666665,0,0,0
2025,16,tsunoda,red_bull_racing,monza,10,0.6410000000000053,0.6410000000000053,6.0,222.0,0.6666666666666666,0,0,0
2025,16,lawson,racing_bulls,monza,20,1.4869999999999948,0.36199999999999477,20.0,57.0,2.6666666666666665,0,0,0
2025,16,ocon,haas_f1_team,monza,15,0.914999999999992,0.2609999999999957,24.0,38.0,0.3333333333333333,0,0,0
2025,16,gasly,alpine,monza,19,1.3109999999999928,0.11099999999999,19.0,19.0,0.3333333333333333,0,0,0
2025,16,colapinto,alpine,monza,18,1.2000000000000028,-0.11099999999999,0.0,19.0,0.0,0,0,0
2025,16,stroll,aston_martin,monza,17,1.1559999999999917,0.5859999999999985,28.0,58.0,4.0,0,0,0
2025,16,alonso,aston_martin,monza,9,0.5699999999999932,-0.5859999999999985,30.0,58.0,4.666666666666667,0,0,0
2025,16,hulkenberg,kick_sauber,monza,12,0.7060000000000031,0.17500000000001137,37.0,55.0,0.0,0,0,0
2025,17,verstappen,red_bull_racing,baku,1,0.0,-0.6709999999999923,216.0,222.0,15.0,1,0,1
2025,17,russell,mercedes,baku,5,0.33799999999999386,-0.009000000000000341,184.0,246.0,12.333333333333334,1,0,1
2025,17,sainz,williams,baku,2,0.47799999999999443,-2.183000000000007,13.0,83.0,0.0,1,0,1
2025,17,antonelli,mercedes,baku,4,0.3469999999999942,0.009000000000000341,62.0,264.0,1.0,1,0,1
2025,17,lawson,racing_bulls,baku,3,0.4200000000000017,-0.10999999999999943,20.0,57.0,1.3333333333333333,1,0,1
2025,17,tsunoda,red_bull_racing,baku,6,0.6709999999999923,0.6709999999999923,6.0,247.0,0.6666666666666666,1,0,1
2025,17,norris,mclaren,baku,7,0.2049999999999983,-0.09199999999999875,278.0,581.0,14.333333333333334,1,0,1
2025,17,hamilton,ferrari,baku,12,0.7039999999999935,0.36299999999999955,103.0,257.0,2.6666666666666665,1,0,1
2025,17,leclerc,ferrari,baku,10,0.340999999999994,-0.36299999999999955,154.0,261.0,8.0,1,0,1
2025,17,hadjar,racing_bulls,baku,8,0.5300000000000011,0.10999999999999943,37.0,67.0,5.333333333333333,1,0,1
2025,17,bortoleto,kick_sauber,baku,13,1.1599999999999966,-0.6389999999999958,18.0,55.0,4.0,1,0,0
2025,17,bearman,haas_f1_team,baku,15,1.5489999999999924,-0.33800000000000807,14.0,38.0,2.6666666666666665,1,0,0
2025,17,albon,williams,baku,19,2.6610000000000014,2.183000000000007,70.0,98.0,5.333333333333333,1,0,0
2025,17,ocon,haas_f1_team,baku,20,1.8870000000000005,0.33800000000000807,24.0,38.0,0.3333333333333333,1,0,0
2025,17,alonso,aston_martin,baku,11,0.7399999999999949,-0.24399999999999977,30.0,58.0,4.666666666666667,1,0,0
2025,17,hulkenberg,kick_sauber,baku,17,1.7989999999999924,0.6389999999999958,37.0,55.0,0.0,1,0,0
2025,17,stroll,aston_martin,baku,14,0.9839999999999947,0.24399999999999977,28.0,58.0,4.0,1,0,0
2025,17,gasly,alpine,baku,18,2.0219999999999914,0.35999999999999943,19.0,19.0,0.0,1,0,0
2025,17,colapinto,alpine,baku,16,1.661999999999992,-0.35999999999999943,0.0,19.0,0.0,1,0,0
2025,17,piastri,mclaren,baku,9,0.29699999999999704,0.09199999999999875,303.0,587.0,19.333333333333332,1,0,0
2025,18,russell,mercedes,marina_bay,1,0.0,-0.3790000000000049,202.0,276.0,13.333333333333334,1,1,1
2025,18,verstappen,red_bull_racing,marina_bay,2,0.18200000000000216,-1.012999999999991,241.0,255.0,22.666666666666668,1,1,1
2025,18,norris,mclaren,marina_bay,5,0.42799999999999727,0.06199999999999761,284.0,587.0,8.0,1,1,1
2025,18,piastri,mclaren,marina_bay,3,0.36599999999999966,-0.06199999999999761,303.0,602.0,13.333333333333334,1,1,1
2025,18,antonelli,mercedes,marina_bay,4,0.3790000000000049,0.3790000000000049,74.0,301.0,4.666666666666667,1,1,1
2025,18,leclerc,ferrari,marina_bay,7,0.6260000000000048,0.09600000000000364,156.0,263.0,4.666666666666667,1,1,1
2025,18,alonso,aston_martin,marina_bay,10,0.796999999999997,-0.9939999999999998,30.0,58.0,1.3333333333333333,1,1,1
2025,18,hamilton,ferrari,marina_bay,6,0.5300000000000011,-0.09600000000000364,107.0,271.0,4.0,1,1,1
2025,18,bearman,haas_f1_team,marina_bay,9,0.7099999999999937,-1.1210000000000093,14.0,38.0,2.6666666666666665,1,1,1
2025,18,sainz,williams,marina_bay,20,1.0769999999999982,0.03300000000000125,28.0,98.0,5.0,1,1,1
2025,18,hadjar,racing_bulls,marina_bay,8,0.6880000000000024,-0.47399999999998954,38.0,68.0,5.666666666666667,1,1,0
2025,18,tsunoda,red_bull_racing,marina_bay,13,1.1949999999999932,1.012999999999991,14.0,273.0,3.3333333333333335,1,1,0
2025,18,stroll,aston_martin,marina_bay,15,1.7909999999999968,0.9939999999999998,28.0,64.0,2.0,1,1,0
2025,18,albon,williams,marina_bay,19,1.043999999999997,-0.03300000000000125,70.0,99.0,5.333333333333333,1,1,0
2025,18,lawson,racing_bulls,marina_bay,12,1.161999999999992,0.47399999999998954,30.0,68.0,3.3333333333333335,1,1,0
2025,18,colapinto,alpine,marina_bay,16,1.823999999999998,-0.27899999999999636,0.0,19.0,0.0,1,1,0
2025,18,bortoleto,kick_sauber,marina_bay,14,1.661999999999992,0.6789999999999878,18.0,55.0,1.3333333333333333,1,1,0
2025,18,ocon,haas_f1_team,marina_bay,17,1.831000000000003,1.1210000000000093,24.0,40.0,0.3333333333333333,1,1,0
2025,18,gasly,alpine,marina_bay,18,2.1029999999999944,0.27899999999999636,19.0,19.0,0.0,1,1,0
2025,18,hulkenberg,kick_sauber,marina_bay,11,0.9830000000000041,-0.6789999999999878,37.0,55.0,0.0,1,1,0
2025,19,verstappen,red_bull_racing,austin,1,0.0,-0.9559999999999889,259.0,273.0,22.666666666666668,0,0,1
2025,19,norris,mclaren,austin,2,0.2909999999999968,-0.28300000000000125,299.0,614.0,13.0,0,0,1
2025,19,leclerc,ferrari,austin,3,0.29699999999999704,-0.10500000000000398,164.0,275.0,7.333333333333333,0,0,1
2025,19,hamilton,ferrari,austin,5,0.402000000000001,0.10500000000000398,111.0,290.0,5.333333333333333,0,0,1
2025,19,piastri,mclaren,austin,6,0.5739999999999981,0.28300000000000125,315.0,632.0,9.0,0,0,1
2025,19,russell,mercedes,austin,4,0.3159999999999883,-0.21800000000000352,227.0,311.0,17.666666666666668,0,0,1
2025,19,tsunoda,red_bull_racing,austin,13,0.9559999999999889,0.9559999999999889,14.0,298.0,2.6666666666666665,0,0,1
2025,19,hulkenberg,kick_sauber,austin,11,0.8239999999999981,-0.7909999999999968,37.0,55.0,0.0,0,0,1
2025,19,bearman,haas_f1_team,austin,8,0.6289999999999907,-0.9969999999999999,16.0,40.0,0.6666666666666666,0,0,1
2025,19,alonso,aston_martin,austin,10,0.6499999999999915,-0.7180000000000035,36.0,64.0,2.0,0,0,1
2025,19,lawson,racing_bulls,austin,12,0.8499999999999943,0.0,30.0,68.0,3.3333333333333335,0,0,0
2025,19,stroll,aston_martin,austin,18,1.367999999999995,0.7180000000000035,28.0,65.0,0.0,0,0,0
2025,19,antonelli,mercedes,austin,7,0.5339999999999918,0.21800000000000352,84.0,319.0,8.0,0,0,0
2025,19,albon,williams,austin,19,1.1599999999999966,0.5460000000000065,70.0,99.0,2.0,0,0,0
2025,19,ocon,haas_f1_team,austin,17,1.6259999999999906,0.9969999999999999,24.0,42.0,0.0,0,0,0
2025,19,hadjar,racing_bulls,austin,20,1.0847326315789478,0.0,38.0,68.0,0.6666666666666666,0,0,0
2025,19,colapinto,alpine,austin,15,1.5289999999999964,0.4399999999999977,0.0,19.0,0.0,0,0,0
2025,19,bortoleto,kick_sauber,austin,16,1.6149999999999949,0.7909999999999968,18.0,59.0,1.3333333333333333,0,0,0
2025,19,gasly,alpine,austin,14,1.0889999999999986,-0.4399999999999977,19.0,19.0,0.0,0,0,0
2025,19,sainz,williams,austin,9,0.6139999999999901,-0.5460000000000065,29.0,99.0,5.333333333333333,0,0,0
2025,20,norris,mclaren,mexico_city,1,0.0,-0.5880000000000081,317.0,642.0,13.0,0,0,1
2025,20,leclerc,ferrari,mexico_city,2,0.26200000000000045,-0.09000000000000341,179.0,302.0,8.333333333333334,0,0,1
2025,20,verstappen,red_bull_racing,mexico_city,5,0.48399999999999466,-0.7460000000000093,284.0,304.0,22.666666666666668,0,0,1
2025,20,bearman,haas_f1_team,mexico_city,10,0.8739999999999952,-0.37700000000000955,18.0,42.0,1.3333333333333333,0,0,1
2025,20,piastri,mclaren,mexico_city,8,0.5880000000000081,0.5880000000000081,325.0,667.0,7.333333333333333,0,0,1
2025,20,antonelli,mercedes,mexico_city,6,0.5319999999999965,0.08399999999998897,84.0,319.0,7.333333333333333,0,0,1
2025,20,russell,mercedes,mexico_city,4,0.4480000000000075,-0.08399999999998897,235.0,327.0,17.0,0,0,1
2025,20,hamilton,ferrari,mexico_city,3,0.35200000000000387,0.09000000000000341,123.0,320.0,6.666666666666667,0,0,1
2025,20,ocon,haas_f1_team,mexico_city,12,1.2510000000000048,0.37700000000000955,24.0,54.0,0.0,0,0,1
2025,20,bortoleto,kick_sauber,mexico_city,16,1.8260000000000076,0.3960000000000008,18.0,59.0,0.0,0,0,1
2025,20,tsunoda,red_bull_racing,mexico_city,11,1.230000000000004,0.7460000000000093,20.0,319.0,4.666666666666667,0,0,0
2025,20,albon,williams,mexico_city,17,1.9039999999999964,1.3179999999999978,70.0,99.0,0.0,0,0,0
2025,20,hadjar,racing_bulls,mexico_city,9,0.6659999999999968,-0.7090000000000032,38.0,68.0,0.3333333333333333,0,0,0
2025,20,stroll,aston_martin,mexico_city,19,2.019999999999996,0.5030000000000001,28.0,65.0,0.0,0,0,0
2025,20,gasly,alpine,mexico_city,18,1.960000000000008,-0.12399999999999523,19.0,19.0,0.0,0,0,0
2025,20,colapinto,alpine,mexico_city,20,2.084000000000003,0.12399999999999523,0.0,19.0,0.0,0,0,0
2025,20,sainz,williams,mexico_city,7,0.5859999999999985,-1.3179999999999978,29.0,99.0,5.333333333333333,0,0,0
2025,20,alonso,aston_martin,mexico_city,14,1.516999999999996,-0.5030000000000001,37.0,65.0,2.3333333333333335,0,0,0
2025,20,hulkenberg,kick_sauber,mexico_city,13,1.4300000000000068,-0.3960000000000008,41.0,60.0,1.3333333333333333,0,0,0
2025,20,lawson,racing_bulls,mexico_city,15,1.375,0.7090000000000032,30.0,68.0,3.3333333333333335,0,0,0
2025,21,norris,mclaren,s_o_paulo,1,0.0,-0.32399999999999807,342.0,677.0,19.333333333333332,0,0,1
2025,21,antonelli,mercedes,s_o_paulo,2,0.1740000000000066,-0.19499999999999318,92.0,333.0,6.0,0,0,1
2025,21,verstappen,red_bull_racing,s_o_paulo,16,0.8920000000000101,-0.3079999999999927,299.0,319.0,19.333333333333332,0,0,1
2025,21,russell,mercedes,s_o_paulo,6,0.3689999999999998,0.19499999999999318,241.0,351.0,13.0,0,0,1
2025,21,piastri,mclaren,s_o_paulo,4,0.32399999999999807,0.32399999999999807,335.0,702.0,10.666666666666666,0,0,1
2025,21,bearman,haas_f1_team,s_o_paulo,8,0.24399999999999977,-0.6830000000000069,30.0,56.0,5.333333333333333,0,0,1
2025,21,lawson,racing_bulls,s_o_paulo,7,0.43900000000000716,0.019000000000005457,30.0,68.0,0.0,0,0,1
2025,21,hadjar,racing_bulls,s_o_paulo,5,0.4200000000000017,-0.019000000000005457,38.0,74.0,0.0,0,0,1
2025,21,hulkenberg,kick_sauber,s_o_paulo,10,0.47400000000000375,0.0,41.0,60.0,1.3333333333333333,0,0,1
2025,21,gasly,alpine,s_o_paulo,9,0.34600000000000364,-0.7750000000000057,19.0,19.0,0.0,0,0,1
2025,21,albon,williams,s_o_paulo,12,0.5420000000000016,-0.13100000000000023,70.0,99.0,0.0,0,0,0
2025,21,ocon,haas_f1_team,s_o_paulo,17,0.9270000000000067,0.6830000000000069,26.0,64.0,0.6666666666666666,0,0,0
2025,21,sainz,williams,s_o_paulo,15,0.6730000000000018,0.13100000000000023,29.0,99.0,0.3333333333333333,0,0,0
2025,21,alonso,aston_martin,s_o_paulo,11,0.4900000000000091,-0.03999999999999204,37.0,65.0,2.3333333333333335,0,0,0
2025,21,colapinto,alpine,s_o_paulo,18,1.1210000000000093,0.7750000000000057,0.0,20.0,0.0,0,0,0
2025,21,stroll,aston_martin,s_o_paulo,14,0.5300000000000011,0.03999999999999204,28.0,65.0,0.0,0,0,0
2025,21,tsunoda,red_bull_racing,s_o_paulo,19,1.2000000000000028,0.3079999999999927,20.0,334.0,2.0,0,0,0
2025,21,hamilton,ferrari,s_o_paulo,13,0.5050000000000097,0.2150000000000034,127.0,324.0,6.666666666666667,0,0,0
2025,21,leclerc,ferrari,s_o_paulo,3,0.29000000000000625,-0.2150000000000034,197.0,324.0,13.666666666666666,0,0,0
2025,21,bortoleto,kick_sauber,s_o_paulo,-1,1.0847326315789478,0.0,19.0,62.0,0.3333333333333333,0,0,0
2025,22,verstappen,red_bull_racing,las_vegas,2,0.3230000000000075,-8.540999999999997,314.0,334.0,18.333333333333332,1,0,1
2025,22,russell,mercedes,las_vegas,4,0.8689999999999998,-7.510999999999996,253.0,363.0,8.666666666666666,1,0,1
2025,22,antonelli,mercedes,las_vegas,17,8.379999999999995,7.510999999999996,110.0,381.0,8.666666666666666,1,0,1
2025,22,leclerc,ferrari,las_vegas,9,1.9380000000000024,-7.242999999999995,197.0,324.0,11.0,1,0,1
2025,22,sainz,williams,las_vegas,3,0.362000000000009,-7.923999999999992,29.0,99.0,0.0,1,0,1
2025,22,hadjar,racing_bulls,las_vegas,8,1.6200000000000045,0.49200000000000443,42.0,78.0,1.3333333333333333,1,0,1
2025,22,hulkenberg,kick_sauber,las_vegas,11,4.847000000000008,-3.8930000000000007,43.0,62.0,2.0,1,0,1
2025,22,hamilton,ferrari,las_vegas,20,9.180999999999997,7.242999999999995,127.0,336.0,5.333333333333333,1,0,1
2025,22,ocon,haas_f1_team,las_vegas,13,5.052999999999997,-0.10699999999999932,26.0,64.0,0.6666666666666666,1,0,1
2025,22,bearman,haas_f1_team,las_vegas,14,5.159999999999997,0.10699999999999932,38.0,66.0,7.333333333333333,1,0,1
2025,22,alonso,aston_martin,las_vegas,7,1.5319999999999965,-3.3840000000000003,37.0,65.0,0.3333333333333333,1,0,0
2025,22,tsunoda,red_bull_racing,las_vegas,19,8.864000000000004,8.540999999999997,20.0,359.0,2.0,1,0,0
2025,22,gasly,alpine,las_vegas,10,3.6060000000000088,-2.1430000000000007,20.0,20.0,0.3333333333333333,1,0,0
2025,22,lawson,racing_bulls,las_vegas,6,1.1280000000000001,-0.49200000000000443,36.0,86.0,2.0,1,0,0
2025,22,colapinto,alpine,las_vegas,15,5.749000000000009,2.1430000000000007,0.0,20.0,0.0,1,0,0
2025,22,albon,williams,las_vegas,16,8.286000000000001,7.923999999999992,70.0,109.0,0.0,1,0,0
2025,22,bortoleto,kick_sauber,las_vegas,18,8.740000000000009,3.8930000000000007,19.0,68.0,0.3333333333333333,1,0,0
2025,22,stroll,aston_martin,las_vegas,12,4.915999999999997,3.3840000000000003,28.0,65.0,0.0,1,0,0
2025,22,norris,mclaren,las_vegas,1,0.0,-1.027000000000001,367.0,712.0,22.666666666666668,1,0,0
2025,22,piastri,mclaren,las_vegas,5,1.027000000000001,1.027000000000001,345.0,712.0,10.0,1,0,0
2025,23,verstappen,red_bull_racing,lusail,3,0.2639999999999958,-1.1099999999999994,339.0,359.0,18.333333333333332,0,0,1
2025,23,piastri,mclaren,lusail,1,0.0,-0.10800000000000409,345.0,712.0,6.666666666666667,0,0,1
2025,23,sainz,williams,lusail,7,0.8640000000000043,-0.3780000000000001,39.0,109.0,3.3333333333333335,0,0,1
2025,23,norris,mclaren,lusail,2,0.10800000000000409,0.10800000000000409,367.0,730.0,16.666666666666668,0,0,1
2025,23,antonelli,mercedes,lusail,5,0.4590000000000032,0.1839999999999975,125.0,396.0,13.666666666666666,0,0,1
2025,23,russell,mercedes,lusail,4,0.2750000000000057,-0.1839999999999975,271.0,406.0,12.0,0,0,1
2025,23,alonso,aston_martin,lusail,8,0.8319999999999936,-0.8390000000000128,37.0,65.0,0.0,0,0,1
2025,23,leclerc,ferrari,lusail,10,0.9560000000000031,-0.563999999999993,209.0,340.0,10.0,0,0,1
2025,23,lawson,racing_bulls,lusail,12,1.0460000000000065,0.3190000000000026,36.0,86.0,2.0,0,0,1
2025,23,tsunoda,red_bull_racing,lusail,16,1.3739999999999952,1.1099999999999994,20.0,384.0,0.0,0,0,1
2025,23,albon,williams,lusail,15,1.2420000000000044,0.3780000000000001,70.0,124.0,0.0,0,0,0
2025,23,hamilton,ferrari,lusail,18,1.519999999999996,0.563999999999993,131.0,344.0,2.6666666666666665,0,0,0
2025,23,bortoleto,kick_sauber,lusail,14,1.1470000000000056,0.1810000000000116,19.0,68.0,0.3333333333333333,0,0,0
2025,23,colapinto,alpine,lusail,20,1.75,0.8130000000000024,0.0,20.0,0.0,0,0,0
2025,23,ocon,haas_f1_team,lusail,17,1.4770000000000039,0.42600000000000193,28.0,67.0,1.3333333333333333,0,0,0
2025,23,gasly,alpine,lusail,9,0.9369999999999976,-0.8130000000000024,20.0,20.0,0.3333333333333333,0,0,0
2025,23,stroll,aston_martin,lusail,19,1.6710000000000065,0.8390000000000128,28.0,71.0,0.0,0,0,0
2025,23,hadjar,racing_bulls,lusail,6,0.7270000000000039,-0.3190000000000026,50.0,88.0,4.0,0,0,0
2025,23,bearman,haas_f1_team,lusail,13,1.051000000000002,-0.42600000000000193,39.0,67.0,7.0,0,0,0
2025,23,hulkenberg,kick_sauber,lusail,11,0.965999999999994,-0.1810000000000116,49.0,68.0,2.6666666666666665,0,0,0
2025,24,verstappen,red_bull_racing,yas_island,1,0.0,-0.8270000000000124,364.0,385.0,21.666666666666668,0,0,1
2025,24,piastri,mclaren,yas_island,3,0.23000000000000398,0.028999999999996362,363.0,742.0,9.333333333333334,0,0,1
2025,24,norris,mclaren,yas_island,2,0.20100000000000762,-0.028999999999996362,379.0,760.0,12.333333333333334,0,0,1
2025,24,leclerc,ferrari,yas_island,5,0.5230000000000103,-0.6640000000000015,213.0,344.0,5.333333333333333,0,0,1
2025,24,russell,mercedes,yas_island,4,0.4380000000000024,-0.24900000000000944,279.0,414.0,12.666666666666666,0,0,1
2025,24,alonso,aston_martin,yas_island,6,0.6540000000000106,-0.23599999999999,43.0,71.0,2.0,0,0,1
2025,24,ocon,haas_f1_team,yas_island,8,0.7060000000000031,-0.1280000000000001,28.0,67.0,0.6666666666666666,0,0,1
2025,24,hamilton,ferrari,yas_island,16,1.1870000000000118,0.6640000000000015,131.0,356.0,1.3333333333333333,0,0,1
2025,24,hulkenberg,kick_sauber,yas_island,18,1.2430000000000092,0.5760000000000076,49.0,68.0,2.6666666666666665,0,0,1
2025,24,stroll,aston_martin,yas_island,15,0.8900000000000006,0.23599999999999,28.0,79.0,0.0,0,0,1
2025,24,bortoleto,kick_sauber,yas_island,7,0.6670000000000016,-0.5760000000000076,19.0,70.0,0.0,0,0,0
2025,24,bearman,haas_f1_team,yas_island,11,0.8340000000000032,0.1280000000000001,39.0,73.0,3.0,0,0,0
2025,24,sainz,williams,yas_island,12,0.835000000000008,-0.3739999999999952,54.0,124.0,8.333333333333334,0,0,0
2025,24,tsunoda,red_bull_racing,yas_island,10,0.8270000000000124,0.8270000000000124,21.0,410.0,0.3333333333333333,0,0,0
2025,24,antonelli,mercedes,yas_island,14,0.6870000000000118,0.24900000000000944,135.0,424.0,14.333333333333334,0,0,0
2025,24,albon,williams,yas_island,17,1.2090000000000032,0.3739999999999952,70.0,124.0,0.0,0,0,0
2025,24,hadjar,racing_bulls,yas_island,9,0.7900000000000063,-0.0799999999999983,50.0,88.0,4.0,0,0,0
2025,24,lawson,racing_bulls,yas_island,13,0.8700000000000045,0.0799999999999983,38.0,88.0,2.6666666666666665,0,0,0
2025,24,gasly,alpine,yas_island,19,1.26100000000001,-0.42199999999999704,20.0,20.0,0.3333333333333333,0,0,0
2025,24,colapinto,alpine,yas_island,20,1.683000000000007,0.42199999999999704,0.0,20.0,0.0,0,0,0
