year,driver_id,constructor_id,circuit_id,grid_position,quali_delta,quali_tm_delta,season_pts_driver,season_pts_team,last_3_avg,is_street_circuit,is_wet,points_scored
2018,vettel,ferrari,melbourne,3,0.6739999999999924,0.009999999999990905,0.0,0.0,0.0,1,1,1
2018,hamilton,mercedes,melbourne,1,0.0,-0.9249999999999972,0.0,0.0,0.0,1,1,1
2018,r_ikk_nen,ferrari,melbourne,2,0.6640000000000015,-0.009999999999990905,0.0,25.0,0.0,1,1,1
2018,ricciardo,red_bull_racing,melbourne,5,0.9879999999999995,0.27299999999999613,0.0,0.0,0.0,1,1,1
2018,alonso,mclaren,melbourne,11,2.4329999999999927,-0.2560000000000002,0.0,0.0,0.0,1,1,1
2018,verstappen,red_bull_racing,melbourne,4,0.7150000000000034,-0.27299999999999613,0.0,12.0,0.0,1,1,1
2018,hulkenberg,renault,melbourne,8,2.367999999999995,0.4709999999999894,0.0,0.0,0.0,1,1,1
2018,bottas,mercedes,melbourne,10,0.9249999999999972,0.9249999999999972,0.0,18.0,0.0,1,1,1
2018,vandoorne,mclaren,melbourne,12,2.688999999999993,0.2560000000000002,0.0,10.0,0.0,1,1,1
2018,sainz,renault,melbourne,9,1.8970000000000056,-0.4709999999999894,0.0,6.0,0.0,1,1,1
2018,perez,force_india,melbourne,13,2.840999999999994,-0.49800000000000466,0.0,0.0,0.0,1,1,0
2018,ocon,force_india,melbourne,15,3.3389999999999986,0.49800000000000466,0.0,0.0,0.0,1,1,0
2018,leclerc,sauber,melbourne,18,3.471999999999994,0.0799999999999983,0.0,0.0,0.0,1,1,0
2018,stroll,williams,melbourne,14,3.0660000000000025,-0.6919999999999931,0.0,0.0,0.0,1,1,0
2018,hartley,toro_rosso,melbourne,16,3.367999999999995,-0.7630000000000052,0.0,0.0,0.0,1,1,0
2018,grosjean,haas_f1_team,melbourne,7,2.174999999999997,0.15200000000000102,0.0,0.0,0.0,1,1,0
2018,magnussen,haas_f1_team,melbourne,6,2.022999999999996,-0.15200000000000102,0.0,0.0,0.0,1,1,0
2018,gasly,toro_rosso,melbourne,20,4.131,0.7630000000000052,0.0,0.0,0.0,1,1,0
2018,ericsson,sauber,melbourne,17,3.391999999999996,-0.0799999999999983,0.0,0.0,0.0,1,1,0
2018,sirotkin,williams,melbourne,19,3.7579999999999956,0.6919999999999931,0.0,0.0,0.0,1,1,0
2018,vettel,ferrari,sakhir,1,0.0,-0.14300000000000068,25.0,40.0,25.0,0,0,1
2018,bottas,mercedes,sakhir,3,0.16599999999999682,-0.09600000000000364,4.0,22.0,4.0,0,0,1
2018,hamilton,mercedes,sakhir,4,0.26200000000000045,0.09600000000000364,18.0,40.0,18.0,0,0,1
2018,gasly,toro_rosso,sakhir,6,1.3709999999999951,-0.7760000000000105,0.0,0.0,0.0,0,0,1
2018,magnussen,haas_f1_team,sakhir,7,1.4000000000000057,-1.171999999999997,0.0,0.0,0.0,0,0,1
2018,hulkenberg,renault,sakhir,8,1.2289999999999992,-0.6150000000000091,6.0,7.0,6.0,0,0,1
2018,alonso,mclaren,sakhir,13,2.254000000000005,-0.2669999999999959,10.0,12.0,10.0,0,0,1
2018,vandoorne,mclaren,sakhir,14,2.521000000000001,0.2669999999999959,2.0,18.0,2.0,0,0,1
2018,ericsson,sauber,sakhir,17,3.105000000000004,-0.3569999999999993,0.0,0.0,0.0,0,0,1
2018,ocon,force_india,sakhir,9,1.9159999999999968,-0.2820000000000107,0.0,0.0,0.0,0,0,1
2018,sainz,renault,sakhir,10,1.8440000000000083,0.6150000000000091,1.0,15.0,1.0,0,0,0
2018,leclerc,sauber,sakhir,19,3.4620000000000033,0.3569999999999993,0.0,2.0,0.0,0,0,0
2018,grosjean,haas_f1_team,sakhir,16,2.5720000000000027,1.171999999999997,0.0,10.0,0.0,0,0,0
2018,stroll,williams,sakhir,20,3.5450000000000017,0.08899999999999864,0.0,0.0,0.0,0,0,0
2018,sirotkin,williams,sakhir,18,3.456000000000003,-0.08899999999999864,0.0,0.0,0.0,0,0,0
2018,perez,force_india,sakhir,12,2.1980000000000075,0.2820000000000107,0.0,1.0,0.0,0,0,0
2018,hartley,toro_rosso,sakhir,11,2.1470000000000056,0.7760000000000105,0.0,12.0,0.0,0,0,0
2018,r_ikk_nen,ferrari,sakhir,2,0.14300000000000068,0.14300000000000068,15.0,65.0,15.0,0,0,0
2018,verstappen,red_bull_racing,sakhir,15,1.4159999999999968,0.9759999999999991,8.0,20.0,8.0,0,0,0
2018,ricciardo,red_bull_racing,sakhir,5,0.4399999999999977,-0.9759999999999991,12.0,20.0,12.0,0,0,0
2018,ricciardo,red_bull_racing,shanghai,6,0.8529999999999944,0.1519999999999868,12.0,20.0,6.0,0,1,1
2018,bottas,mercedes,shanghai,3,0.5300000000000011,-0.04999999999999716,22.0,55.0,11.0,0,1,1
2018,r_ikk_nen,ferrari,shanghai,2,0.0870000000000033,0.0870000000000033,15.0,65.0,7.5,0,1,1
2018,hamilton,mercedes,shanghai,4,0.5799999999999983,0.04999999999999716,33.0,73.0,16.5,0,1,1
2018,verstappen,red_bull_racing,shanghai,5,0.7010000000000076,-0.1519999999999868,8.0,45.0,4.0,0,1,1
2018,hulkenberg,renault,shanghai,7,1.399000000000001,-0.32500000000000284,14.0,15.0,7.0,0,1,1
2018,alonso,mclaren,shanghai,13,2.1370000000000005,-0.27299999999999613,16.0,22.0,8.0,0,1,1
2018,vettel,ferrari,shanghai,1,0.0,-0.0870000000000033,50.0,80.0,25.0,0,1,1
2018,sainz,renault,shanghai,9,1.7240000000000038,0.32500000000000284,1.0,23.0,0.5,0,1,1
2018,magnussen,haas_f1_team,shanghai,11,1.8910000000000053,0.4620000000000033,10.0,10.0,5.0,0,1,1
2018,ocon,force_india,shanghai,12,1.9620000000000033,0.2990000000000066,1.0,1.0,0.5,0,1,0
2018,perez,force_india,shanghai,8,1.6629999999999967,-0.2990000000000066,0.0,1.0,0.0,0,1,0
2018,vandoorne,mclaren,shanghai,14,2.4099999999999966,0.27299999999999613,6.0,28.0,3.0,0,1,0
2018,stroll,williams,shanghai,18,3.1899999999999977,0.22299999999999898,0.0,0.0,0.0,0,1,0
2018,sirotkin,williams,shanghai,16,2.9669999999999987,-0.22299999999999898,0.0,0.0,0.0,0,1,0
2018,ericsson,sauber,shanghai,20,3.8190000000000026,0.46000000000000796,2.0,2.0,1.0,0,1,0
2018,grosjean,haas_f1_team,shanghai,10,1.429000000000002,-0.4620000000000033,0.0,11.0,0.0,0,1,0
2018,gasly,toro_rosso,shanghai,17,3.0060000000000002,0.3059999999999974,12.0,12.0,6.0,0,1,0
2018,leclerc,sauber,shanghai,19,3.3589999999999947,-0.46000000000000796,0.0,2.0,0.0,0,1,0
2018,hartley,toro_rosso,shanghai,15,2.700000000000003,-0.3059999999999974,0.0,12.0,0.0,0,1,0
2018,hamilton,mercedes,baku,2,0.17900000000000205,-0.1599999999999966,45.0,85.0,15.0,1,0,1
2018,r_ikk_nen,ferrari,baku,6,0.9919999999999902,0.9919999999999902,30.0,84.0,10.0,1,0,1
2018,perez,force_india,baku,8,1.0489999999999924,0.02400000000000091,0.0,1.0,0.0,1,0,1
2018,vettel,ferrari,baku,1,0.0,-0.9919999999999902,54.0,102.0,18.0,1,0,1
2018,sainz,renault,baku,10,1.8529999999999944,0.2849999999999966,3.0,25.0,1.0,1,0,1
2018,leclerc,sauber,baku,14,2.2539999999999907,-1.7890000000000015,0.0,2.0,0.0,1,0,1
2018,alonso,mclaren,baku,13,2.5120000000000005,-0.4789999999999992,22.0,28.0,7.333333333333333,1,0,1
2018,stroll,williams,baku,11,2.086999999999989,-0.30100000000000193,0.0,0.0,0.0,1,0,1
2018,vandoorne,mclaren,baku,16,2.9909999999999997,0.4789999999999992,6.0,34.0,2.0,1,0,1
2018,hartley,toro_rosso,baku,19,15.855999999999995,12.858000000000004,0.0,12.0,0.0,1,0,1
2018,ericsson,sauber,baku,18,4.042999999999992,1.7890000000000015,2.0,10.0,0.6666666666666666,1,0,0
2018,gasly,toro_rosso,baku,17,2.9979999999999905,-12.858000000000004,12.0,13.0,4.0,1,0,0
2018,magnussen,haas_f1_team,baku,15,2.176000000000002,0.0,11.0,11.0,3.6666666666666665,1,0,0
2018,bottas,mercedes,baku,3,0.33899999999999864,0.1599999999999966,40.0,110.0,13.333333333333334,1,0,0
2018,grosjean,haas_f1_team,baku,20,1.8356328502415453,0.0,0.0,11.0,0.0,1,0,0
2018,verstappen,red_bull_racing,baku,5,0.4959999999999951,0.08299999999999841,18.0,55.0,6.0,1,0,0
2018,ricciardo,red_bull_racing,baku,4,0.4129999999999967,-0.08299999999999841,37.0,55.0,12.333333333333334,1,0,0
2018,hulkenberg,renault,baku,9,1.5679999999999978,-0.2849999999999966,22.0,35.0,7.333333333333333,1,0,0
2018,ocon,force_india,baku,7,1.0249999999999915,-0.02400000000000091,1.0,16.0,0.3333333333333333,1,0,0
2018,sirotkin,williams,baku,12,2.387999999999991,0.30100000000000193,0.0,4.0,0.0,1,0,0
2018,hamilton,mercedes,barcelona,1,0.0,-0.03999999999999204,70.0,110.0,17.333333333333332,0,1,1
2018,bottas,mercedes,barcelona,2,0.03999999999999204,0.03999999999999204,40.0,135.0,12.0,0,1,1
2018,verstappen,red_bull_racing,barcelona,5,0.6430000000000007,-0.001999999999995339,18.0,55.0,3.3333333333333335,0,1,1
2018,vettel,ferrari,barcelona,3,0.132000000000005,-0.30699999999998795,66.0,114.0,13.666666666666666,0,1,1
2018,ricciardo,red_bull_racing,barcelona,6,0.644999999999996,0.001999999999995339,37.0,70.0,8.333333333333334,0,1,1
2018,magnussen,haas_f1_team,barcelona,7,1.4449999999999932,-0.08100000000000307,11.0,11.0,3.6666666666666665,0,1,1
2018,sainz,renault,barcelona,9,1.6170000000000044,-1.1329999999999956,13.0,35.0,4.0,0,1,1
2018,alonso,mclaren,barcelona,8,1.5480000000000018,-0.6019999999999897,28.0,36.0,6.0,0,1,1
2018,perez,force_india,barcelona,15,2.566999999999993,0.04399999999999693,15.0,16.0,5.0,0,1,1
2018,leclerc,sauber,barcelona,14,2.4879999999999995,-0.8319999999999936,8.0,10.0,2.6666666666666665,0,1,1
2018,stroll,williams,barcelona,19,4.0519999999999925,0.5300000000000011,4.0,4.0,1.3333333333333333,0,1,0
2018,hartley,toro_rosso,barcelona,20,1.8356328502415453,0.0,1.0,13.0,0.3333333333333333,0,1,0
2018,ericsson,sauber,barcelona,17,3.319999999999993,0.8319999999999936,2.0,11.0,0.6666666666666666,0,1,0
2018,sirotkin,williams,barcelona,18,3.5219999999999914,-0.5300000000000011,0.0,4.0,0.0,0,1,0
2018,vandoorne,mclaren,barcelona,11,2.1499999999999915,0.6019999999999897,8.0,40.0,2.0,0,1,0
2018,ocon,force_india,barcelona,13,2.522999999999996,-0.04399999999999693,1.0,18.0,0.3333333333333333,0,1,0
2018,r_ikk_nen,ferrari,barcelona,4,0.43899999999999295,0.30699999999998795,48.0,126.0,11.0,0,1,0
2018,grosjean,haas_f1_team,barcelona,10,1.5259999999999962,0.08100000000000307,0.0,19.0,0.0,0,1,0
2018,gasly,toro_rosso,barcelona,12,2.289999999999992,0.0,12.0,13.0,4.0,0,1,0
2018,hulkenberg,renault,barcelona,16,2.75,1.1329999999999956,22.0,41.0,5.333333333333333,0,1,0
2018,ricciardo,red_bull_racing,monte_carlo,1,0.0,0.0,47.0,80.0,11.666666666666666,1,1,1
2018,vettel,ferrari,monte_carlo,2,0.2289999999999992,-0.22700000000000387,78.0,126.0,9.333333333333334,1,1,1
2018,hamilton,mercedes,monte_carlo,3,0.42199999999999704,-0.20900000000000318,95.0,153.0,20.666666666666668,1,1,1
2018,r_ikk_nen,ferrari,monte_carlo,4,0.45600000000000307,0.22700000000000387,48.0,144.0,11.0,1,1,1
2018,bottas,mercedes,monte_carlo,5,0.6310000000000002,0.20900000000000318,58.0,168.0,12.0,1,1,1
2018,ocon,force_india,monte_carlo,6,1.2510000000000048,-0.09299999999998931,1.0,18.0,0.0,1,1,1
2018,gasly,toro_rosso,monte_carlo,10,1.4110000000000014,-0.9579999999999984,12.0,13.0,0.0,1,1,1
2018,hulkenberg,renault,monte_carlo,11,1.600999999999999,0.2810000000000059,22.0,41.0,2.6666666666666665,1,1,1
2018,verstappen,red_bull_racing,monte_carlo,20,1.8356328502415453,0.0,33.0,105.0,8.333333333333334,1,1,1
2018,sainz,renault,monte_carlo,8,1.3199999999999932,-0.2810000000000059,19.0,45.0,6.0,1,1,1
2018,ericsson,sauber,monte_carlo,17,2.4549999999999983,0.5510000000000019,2.0,11.0,0.0,1,1,0
2018,perez,force_india,monte_carlo,9,1.343999999999994,0.09299999999998931,17.0,26.0,5.666666666666667,1,1,0
2018,magnussen,haas_f1_team,monte_carlo,19,2.5829999999999984,0.6650000000000063,19.0,19.0,3.0,1,1,0
2018,vandoorne,mclaren,monte_carlo,12,1.6299999999999955,0.3299999999999983,8.0,40.0,0.6666666666666666,1,1,0
2018,grosjean,haas_f1_team,monte_carlo,15,1.9179999999999922,-0.6650000000000063,0.0,19.0,0.0,1,1,0
2018,sirotkin,williams,monte_carlo,13,1.7109999999999985,-0.8019999999999925,0.0,4.0,0.0,1,1,0
2018,stroll,williams,monte_carlo,18,2.512999999999991,0.8019999999999925,4.0,4.0,1.3333333333333333,1,1,0
2018,leclerc,sauber,monte_carlo,14,1.9039999999999964,-0.5510000000000019,9.0,11.0,3.0,1,1,0
2018,hartley,toro_rosso,monte_carlo,16,2.3689999999999998,0.9579999999999984,1.0,19.0,0.3333333333333333,1,1,0
2018,alonso,mclaren,monte_carlo,7,1.2999999999999972,-0.3299999999999983,32.0,40.0,5.333333333333333,1,1,0
2018,vettel,ferrari,montr_al,1,0.0,-0.33100000000000307,96.0,156.0,14.0,0,0,1
2018,bottas,mercedes,montr_al,2,0.09300000000000352,-0.1389999999999958,68.0,178.0,9.333333333333334,0,0,1
2018,verstappen,red_bull_racing,montr_al,3,0.17300000000000182,-0.17900000000000205,35.0,107.0,5.666666666666667,0,0,1
2018,ricciardo,red_bull_racing,montr_al,6,0.35200000000000387,0.17900000000000205,72.0,122.0,11.666666666666666,0,0,1
2018,hamilton,mercedes,montr_al,4,0.23199999999999932,0.1389999999999958,110.0,196.0,21.666666666666668,0,0,1
2018,r_ikk_nen,ferrari,montr_al,5,0.33100000000000307,0.33100000000000307,60.0,181.0,10.0,0,0,1
2018,hulkenberg,renault,montr_al,7,1.152000000000001,-0.18099999999999739,26.0,46.0,1.3333333333333333,0,0,1
2018,sainz,renault,montr_al,9,1.3329999999999984,0.18099999999999739,20.0,52.0,5.666666666666667,0,0,1
2018,ocon,force_india,montr_al,8,1.3200000000000074,-0.31099999999999284,9.0,26.0,2.6666666666666665,0,0,1
2018,leclerc,sauber,montr_al,13,1.8970000000000056,-1.9320000000000022,9.0,11.0,3.0,0,0,1
2018,gasly,toro_rosso,montr_al,16,2.2830000000000013,0.45999999999999375,18.0,19.0,2.0,0,0,0
2018,grosjean,haas_f1_team,montr_al,20,1.8356328502415453,0.0,0.0,19.0,0.0,0,0,0
2018,magnussen,haas_f1_team,montr_al,11,1.8419999999999987,0.0,19.0,19.0,2.6666666666666665,0,0,0
2018,perez,force_india,montr_al,10,1.6310000000000002,0.31099999999999284,17.0,28.0,5.666666666666667,0,0,0
2018,ericsson,sauber,montr_al,19,3.8290000000000077,1.9320000000000022,2.0,12.0,0.0,0,0,0
2018,vandoorne,mclaren,montr_al,15,2.100999999999999,0.009000000000000341,8.0,40.0,0.6666666666666666,0,0,0
2018,sirotkin,williams,montr_al,18,2.879000000000005,0.05299999999999727,0.0,4.0,0.0,0,0,0
2018,alonso,mclaren,montr_al,14,2.0919999999999987,-0.009000000000000341,32.0,40.0,3.3333333333333335,0,0,0
2018,hartley,toro_rosso,montr_al,12,1.8230000000000075,-0.45999999999999375,1.0,19.0,0.3333333333333333,0,0,0
2018,stroll,williams,montr_al,17,2.8260000000000076,-0.05299999999999727,4.0,4.0,1.3333333333333333,0,0,0
2018,hamilton,mercedes,le_castellet,1,0.0,-0.11800000000000921,120.0,206.0,16.666666666666668,0,1,1
2018,verstappen,red_bull_racing,le_castellet,4,0.6760000000000019,-0.18999999999999773,50.0,134.0,10.666666666666666,0,1,1
2018,r_ikk_nen,ferrari,le_castellet,6,0.7430000000000092,0.3719999999999999,68.0,189.0,6.666666666666667,0,1,1
2018,ricciardo,red_bull_racing,le_castellet,5,0.8659999999999997,0.18999999999999773,84.0,152.0,15.666666666666666,0,1,1
2018,vettel,ferrari,le_castellet,3,0.3710000000000093,-0.3719999999999999,121.0,204.0,18.333333333333332,0,1,1
2018,magnussen,haas_f1_team,le_castellet,9,1.4810000000000088,0.038000000000010914,19.0,19.0,2.6666666666666665,0,1,1
2018,bottas,mercedes,le_castellet,2,0.11800000000000921,0.11800000000000921,86.0,231.0,15.333333333333334,0,1,1
2018,sainz,renault,le_castellet,7,1.987000000000009,-0.09899999999998954,24.0,56.0,3.6666666666666665,0,1,1
2018,hulkenberg,renault,le_castellet,12,2.0859999999999985,0.09899999999998954,32.0,60.0,3.3333333333333335,0,1,1
2018,leclerc,sauber,le_castellet,8,2.0260000000000105,-0.7489999999999952,10.0,12.0,0.6666666666666666,0,1,1
2018,grosjean,haas_f1_team,le_castellet,10,1.4429999999999978,-0.038000000000010914,0.0,27.0,0.0,0,1,0
2018,vandoorne,mclaren,le_castellet,18,3.1330000000000098,0.18600000000000705,8.0,40.0,0.0,0,1,0
2018,ericsson,sauber,le_castellet,15,2.7750000000000057,0.7489999999999952,2.0,13.0,0.0,0,1,0
2018,hartley,toro_rosso,le_castellet,17,2.9960000000000093,0.578000000000003,1.0,19.0,0.0,0,1,0
2018,sirotkin,williams,le_castellet,19,3.6069999999999993,-0.09300000000000352,0.0,4.0,0.0,0,1,0
2018,alonso,mclaren,le_castellet,16,2.9470000000000027,-0.18600000000000705,32.0,40.0,1.3333333333333333,0,1,0
2018,stroll,williams,le_castellet,20,3.700000000000003,0.09300000000000352,4.0,4.0,0.0,0,1,0
2018,perez,force_india,le_castellet,13,2.424999999999997,0.3789999999999907,17.0,28.0,0.6666666666666666,0,1,0
2018,ocon,force_india,le_castellet,11,2.0460000000000065,-0.3789999999999907,11.0,28.0,3.3333333333333335,0,1,0
2018,gasly,toro_rosso,le_castellet,14,2.4180000000000064,-0.578000000000003,18.0,19.0,2.0,0,1,0
2018,verstappen,red_bull_racing,spielberg,5,0.7100000000000009,-0.1559999999999988,68.0,164.0,11.666666666666666,0,0,1
2018,r_ikk_nen,ferrari,spielberg,4,0.529999999999994,0.19599999999999795,83.0,214.0,11.666666666666666,0,0,1
2018,vettel,ferrari,spielberg,3,0.3339999999999961,-0.19599999999999795,131.0,232.0,17.666666666666668,0,0,1
2018,grosjean,haas_f1_team,spielberg,6,0.7620000000000005,-0.15899999999999892,0.0,27.0,0.0,0,0,1
2018,magnussen,haas_f1_team,spielberg,8,0.9209999999999994,0.15899999999999892,27.0,39.0,2.6666666666666665,0,0,1
2018,ocon,force_india,spielberg,11,1.7149999999999963,-0.4339999999999975,11.0,28.0,3.3333333333333335,0,0,1
2018,perez,force_india,spielberg,17,2.148999999999994,0.4339999999999975,17.0,36.0,0.0,0,0,1
2018,alonso,mclaren,spielberg,14,1.8350000000000009,-0.3059999999999974,32.0,40.0,0.0,0,0,1
2018,leclerc,sauber,spielberg,13,1.8369999999999962,-0.5120000000000005,11.0,13.0,0.6666666666666666,0,0,1
2018,ericsson,sauber,spielberg,20,2.3489999999999966,0.5120000000000005,2.0,15.0,0.0,0,0,1
2018,gasly,toro_rosso,spielberg,12,1.7439999999999927,-0.49200000000000443,18.0,19.0,2.0,0,0,0
2018,sainz,renault,spielberg,9,1.4310000000000045,-0.11499999999999488,28.0,62.0,3.0,0,0,0
2018,sirotkin,williams,spielberg,18,2.192,0.058000000000006935,0.0,4.0,0.0,0,0,0
2018,stroll,williams,spielberg,15,2.1339999999999932,-0.058000000000006935,4.0,4.0,0.0,0,0,0
2018,vandoorne,mclaren,spielberg,16,2.1409999999999982,0.3059999999999974,8.0,44.0,0.0,0,0,0
2018,hamilton,mercedes,spielberg,2,0.01899999999999835,0.01899999999999835,145.0,237.0,16.666666666666668,0,0,0
2018,hartley,toro_rosso,spielberg,19,2.235999999999997,0.49200000000000443,1.0,19.0,0.0,0,0,0
2018,ricciardo,red_bull_racing,spielberg,7,0.8659999999999997,0.1559999999999988,96.0,189.0,16.333333333333332,0,0,0
2018,bottas,mercedes,spielberg,1,0.0,-0.01899999999999835,92.0,237.0,11.333333333333334,0,0,0
2018,hulkenberg,renault,spielberg,10,1.5459999999999994,0.11499999999999488,34.0,62.0,4.0,0,0,0
2018,vettel,ferrari,silverstone,2,0.04400000000001114,-0.053999999999987836,146.0,247.0,16.666666666666668,0,0,1
2018,hamilton,mercedes,silverstone,1,0.0,-0.32500000000000284,145.0,237.0,11.666666666666666,0,0,1
2018,r_ikk_nen,ferrari,silverstone,3,0.09799999999999898,0.053999999999987836,101.0,272.0,13.666666666666666,0,0,1
2018,bottas,mercedes,silverstone,4,0.32500000000000284,0.32500000000000284,92.0,255.0,8.0,0,0,1
2018,ricciardo,red_bull_racing,silverstone,6,1.2070000000000078,0.4969999999999999,96.0,189.0,8.0,0,0,1
2018,hulkenberg,renault,silverstone,11,2.0090000000000003,-0.5550000000000068,34.0,62.0,2.6666666666666665,0,0,1
2018,ocon,force_india,silverstone,10,1.9510000000000076,-0.08499999999999375,19.0,42.0,3.3333333333333335,0,0,1
2018,alonso,mclaren,silverstone,13,2.247,-0.9570000000000078,36.0,44.0,1.3333333333333333,0,0,1
2018,magnussen,haas_f1_team,silverstone,7,1.3520000000000039,-0.21099999999999852,37.0,49.0,6.0,0,0,1
2018,perez,force_india,silverstone,12,2.0360000000000014,0.08499999999999375,23.0,48.0,2.0,0,0,1
2018,vandoorne,mclaren,silverstone,17,3.2040000000000077,0.9570000000000078,8.0,48.0,0.0,0,0,0
2018,stroll,williams,silverstone,19,1.8356328502415453,0.0,4.0,4.0,0.0,0,0,0
2018,gasly,toro_rosso,silverstone,14,2.4510000000000076,0.0,18.0,19.0,0.0,0,0,0
2018,sirotkin,williams,silverstone,18,3.3599999999999994,0.0,0.0,4.0,0.0,0,0,0
2018,verstappen,red_bull_racing,silverstone,5,0.710000000000008,-0.4969999999999999,93.0,199.0,19.333333333333332,0,0,0
2018,grosjean,haas_f1_team,silverstone,8,1.5630000000000024,0.21099999999999852,12.0,51.0,4.0,0,0,0
2018,sainz,renault,silverstone,16,2.564000000000007,0.5550000000000068,28.0,70.0,2.6666666666666665,0,0,0
2018,ericsson,sauber,silverstone,15,2.3569999999999993,0.458999999999989,3.0,16.0,0.3333333333333333,0,0,0
2018,leclerc,sauber,silverstone,9,1.8980000000000103,-0.458999999999989,13.0,16.0,1.3333333333333333,0,0,0
2018,hartley,toro_rosso,silverstone,20,1.8356328502415453,0.0,1.0,19.0,0.0,0,0,0
2018,hamilton,mercedes,hockenheim,14,1.7999999999999972,1.5960000000000036,163.0,267.0,14.333333333333334,0,1,1
2018,bottas,mercedes,hockenheim,2,0.20399999999999352,-1.5960000000000036,104.0,292.0,6.0,0,1,1
2018,r_ikk_nen,ferrari,hockenheim,3,0.33499999999999375,0.33499999999999375,116.0,287.0,16.0,0,1,1
2018,verstappen,red_bull_racing,hockenheim,4,0.6099999999999994,-1.4959999999999951,93.0,199.0,14.333333333333334,0,1,1
2018,hulkenberg,renault,hockenheim,7,1.347999999999999,-0.1319999999999908,42.0,70.0,3.3333333333333335,0,1,1
2018,grosjean,haas_f1_team,hockenheim,6,1.3319999999999936,0.3439999999999941,12.0,51.0,4.0,0,1,1
2018,perez,force_india,hockenheim,10,1.5619999999999976,-0.945999999999998,24.0,49.0,2.3333333333333335,0,1,1
2018,ocon,force_india,hockenheim,16,2.5079999999999956,0.945999999999998,25.0,55.0,4.666666666666667,0,1,1
2018,ericsson,sauber,hockenheim,13,2.3499999999999943,0.8449999999999989,3.0,16.0,0.3333333333333333,0,1,1
2018,hartley,toro_rosso,hockenheim,18,2.8329999999999984,0.2960000000000065,1.0,19.0,0.0,0,1,1
2018,magnussen,haas_f1_team,hockenheim,5,0.9879999999999995,-0.3439999999999941,39.0,59.0,6.666666666666667,0,1,0
2018,sainz,renault,hockenheim,8,1.4799999999999898,0.1319999999999908,28.0,80.0,1.3333333333333333,0,1,0
2018,vandoorne,mclaren,hockenheim,20,3.188999999999993,0.7869999999999919,8.0,48.0,0.0,0,1,0
2018,gasly,toro_rosso,hockenheim,17,2.536999999999992,-0.2960000000000065,18.0,20.0,0.0,0,1,0
2018,leclerc,sauber,hockenheim,9,1.5049999999999955,-0.8449999999999989,13.0,18.0,1.0,0,1,0
2018,alonso,mclaren,hockenheim,11,2.402000000000001,-0.7869999999999919,40.0,48.0,2.6666666666666665,0,1,0
2018,stroll,williams,hockenheim,19,2.9939999999999998,0.5040000000000049,4.0,4.0,0.0,0,1,0
2018,vettel,ferrari,hockenheim,1,0.0,-0.33499999999999375,171.0,302.0,16.666666666666668,0,1,0
2018,sirotkin,williams,hockenheim,12,2.489999999999995,-0.5040000000000049,0.0,4.0,0.0,0,1,0
2018,ricciardo,red_bull_racing,hockenheim,15,2.1059999999999945,1.4959999999999951,106.0,211.0,7.333333333333333,0,1,0
2018,hamilton,mercedes,budapest,1,0.7530000000000001,0.29599999999999227,188.0,310.0,14.333333333333334,0,0,1
2018,vettel,ferrari,budapest,4,0.0,-0.8599999999999994,171.0,302.0,13.333333333333334,0,0,1
2018,r_ikk_nen,ferrari,budapest,3,0.8599999999999994,0.8599999999999994,131.0,320.0,16.0,0,0,1
2018,ricciardo,red_bull_racing,budapest,12,1.8740000000000094,1.6000000000000085,106.0,211.0,3.3333333333333335,0,0,1
2018,bottas,mercedes,budapest,2,0.45700000000000784,-0.29599999999999227,122.0,335.0,10.0,0,0,1
2018,gasly,toro_rosso,budapest,6,1.9110000000000014,0.14799999999999613,18.0,20.0,0.0,0,0,1
2018,magnussen,haas_f1_team,budapest,9,1.6479999999999961,0.4129999999999967,39.0,59.0,4.0,0,0,1
2018,alonso,mclaren,budapest,11,1.5420000000000016,-0.5739999999999981,40.0,48.0,2.6666666666666665,0,0,1
2018,sainz,renault,budapest,5,1.1629999999999967,-0.07600000000000762,28.0,80.0,0.0,0,0,1
2018,grosjean,haas_f1_team,budapest,10,1.2349999999999994,-0.4129999999999967,20.0,65.0,6.666666666666667,0,0,1
2018,hartley,toro_rosso,budapest,8,1.7630000000000052,-0.14799999999999613,2.0,28.0,0.3333333333333333,0,0,0
2018,hulkenberg,renault,budapest,13,1.2390000000000043,0.07600000000000762,52.0,82.0,6.0,0,0,0
2018,ocon,force_india,budapest,18,2.475999999999999,-0.058000000000006935,29.0,59.0,6.0,0,0,0
2018,perez,force_india,budapest,19,2.534000000000006,0.058000000000006935,30.0,59.0,4.333333333333333,0,0,0
2018,ericsson,sauber,budapest,14,1.9750000000000085,-0.17599999999998772,5.0,18.0,1.0,0,0,0
2018,sirotkin,williams,budapest,20,2.635000000000005,0.7409999999999997,0.0,4.0,0.0,0,0,0
2018,stroll,williams,budapest,15,1.8940000000000055,-0.7409999999999997,4.0,4.0,0.0,0,0,0
2018,vandoorne,mclaren,budapest,16,2.1159999999999997,0.5739999999999981,8.0,52.0,0.0,0,0,0
2018,verstappen,red_bull_racing,budapest,7,0.2740000000000009,-1.6000000000000085,105.0,223.0,12.333333333333334,0,0,0
2018,leclerc,sauber,budapest,17,2.1509999999999962,0.17599999999998772,13.0,18.0,0.6666666666666666,0,0,0
2018,vettel,ferrari,spa_francorchamps,2,0.0,-0.031999999999996476,189.0,335.0,14.333333333333334,0,0,1
2018,hamilton,mercedes,spa_francorchamps,1,0.0519999999999925,-0.6380000000000052,213.0,345.0,22.666666666666668,0,0,1
2018,verstappen,red_bull_racing,spa_francorchamps,7,1.0529999999999973,-0.5720000000000027,105.0,223.0,4.0,0,0,1
2018,bottas,mercedes,spa_francorchamps,10,0.6899999999999977,0.6380000000000052,132.0,363.0,13.333333333333334,0,0,1
2018,perez,racing_point,spa_francorchamps,4,1.512999999999991,-0.2880000000000109,30.0,0.0,2.3333333333333335,0,0,1
2018,ocon,racing_point,spa_francorchamps,3,1.801000000000002,0.2880000000000109,29.0,10.0,3.3333333333333335,0,0,1
2018,grosjean,haas_f1_team,spa_francorchamps,5,1.5409999999999968,-0.2779999999999916,21.0,66.0,3.0,0,0,1
2018,magnussen,haas_f1_team,spa_francorchamps,9,1.8189999999999884,0.2779999999999916,45.0,72.0,2.6666666666666665,0,0,1
2018,gasly,toro_rosso,spa_francorchamps,11,2.3429999999999893,-0.021000000000000796,26.0,28.0,2.6666666666666665,0,0,1
2018,ericsson,sauber,spa_francorchamps,14,2.344999999999999,0.19200000000000728,5.0,18.0,0.6666666666666666,0,0,1
2018,sainz,renault,spa_francorchamps,16,2.9879999999999995,0.3440000000000083,30.0,82.0,0.6666666666666666,0,0,0
2018,sirotkin,williams,spa_francorchamps,18,3.497,-0.13599999999999568,0.0,4.0,0.0,0,0,0
2018,stroll,williams,spa_francorchamps,19,3.6329999999999956,0.13599999999999568,4.0,4.0,0.0,0,0,0
2018,hartley,toro_rosso,spa_francorchamps,12,2.36399999999999,0.021000000000000796,2.0,30.0,0.3333333333333333,0,0,0
2018,vandoorne,mclaren,spa_francorchamps,20,3.8059999999999974,0.39000000000000057,8.0,52.0,0.0,0,0,0
2018,ricciardo,red_bull_racing,spa_francorchamps,8,1.625,0.5720000000000027,118.0,238.0,7.333333333333333,0,0,0
2018,r_ikk_nen,ferrari,spa_francorchamps,6,0.031999999999996476,0.031999999999996476,146.0,360.0,15.0,0,0,0
2018,leclerc,sauber,spa_francorchamps,13,2.1529999999999916,-0.19200000000000728,13.0,19.0,0.0,0,0,0
2018,alonso,mclaren,spa_francorchamps,17,3.415999999999997,-0.39000000000000057,44.0,52.0,2.6666666666666665,0,0,0
2018,hulkenberg,renault,spa_francorchamps,15,2.6439999999999912,-0.3440000000000083,52.0,82.0,6.0,0,0,0
2018,hamilton,mercedes,monza,3,0.17499999999999716,-0.362000000000009,231.0,375.0,22.666666666666668,0,1,1
2018,r_ikk_nen,ferrari,monza,1,0.0,-0.16100000000000136,146.0,360.0,10.0,0,1,1
2018,bottas,mercedes,monza,4,0.5370000000000061,0.362000000000009,144.0,400.0,13.333333333333334,0,1,1
2018,vettel,ferrari,monza,2,0.16100000000000136,0.16100000000000136,214.0,378.0,14.333333333333334,0,1,1
2018,verstappen,red_bull_racing,monza,5,1.2139999999999986,-0.9470000000000027,120.0,238.0,9.0,0,1,1
2018,ocon,racing_point,monza,8,1.980000000000004,-0.7890000000000015,37.0,18.0,4.0,0,1,1
2018,perez,racing_point,monza,16,2.7690000000000055,0.7890000000000015,40.0,26.0,5.333333333333333,0,1,1
2018,sainz,renault,monza,7,1.921999999999997,-0.7600000000000051,30.0,82.0,0.6666666666666666,0,1,1
2018,stroll,williams,monza,10,2.375,-0.23799999999999955,4.0,4.0,0.0,0,1,1
2018,sirotkin,williams,monza,12,2.6129999999999995,0.23799999999999955,0.0,6.0,0.0,0,1,1
2018,leclerc,sauber,monza,17,2.769999999999996,-0.15900000000000603,13.0,19.0,0.0,0,1,0
2018,vandoorne,mclaren,monza,20,2.965999999999994,0.23499999999999943,8.0,52.0,0.0,0,1,0
2018,hulkenberg,renault,monza,14,2.682000000000002,0.7600000000000051,52.0,86.0,3.3333333333333335,0,1,0
2018,gasly,toro_rosso,monza,9,2.2309999999999945,-0.5840000000000032,28.0,30.0,3.3333333333333335,0,1,0
2018,ericsson,sauber,monza,19,2.929000000000002,0.15900000000000603,6.0,19.0,1.0,0,1,0
2018,magnussen,haas_f1_team,monza,11,2.549999999999997,0.7329999999999899,49.0,76.0,3.3333333333333335,0,1,0
2018,ricciardo,red_bull_racing,monza,15,2.1610000000000014,0.9470000000000027,118.0,248.0,4.0,0,1,0
2018,alonso,mclaren,monza,13,2.7309999999999945,-0.23499999999999943,44.0,52.0,1.3333333333333333,0,1,0
2018,hartley,toro_rosso,monza,18,2.8149999999999977,0.5840000000000032,2.0,30.0,0.3333333333333333,0,1,0
2018,grosjean,haas_f1_team,monza,6,1.8170000000000073,-0.7329999999999899,27.0,76.0,5.0,0,1,0
2018,hamilton,mercedes,singapore,1,0.0,-0.6869999999999976,256.0,415.0,22.666666666666668,1,0,1
2018,verstappen,red_bull_racing,singapore,2,0.3190000000000026,-0.6619999999999919,130.0,248.0,8.333333333333334,1,0,1
2018,vettel,ferrari,singapore,3,0.6129999999999995,-0.16599999999999682,226.0,390.0,18.333333333333332,1,0,1
2018,bottas,mercedes,singapore,4,0.6869999999999976,0.6869999999999976,159.0,440.0,12.333333333333334,1,0,1
2018,r_ikk_nen,ferrari,singapore,5,0.7789999999999964,0.16599999999999682,164.0,405.0,11.0,1,0,1
2018,ricciardo,red_bull_racing,singapore,6,0.9809999999999945,0.6619999999999919,118.0,266.0,4.0,1,0,1
2018,alonso,mclaren,singapore,11,2.6260000000000048,-1.222999999999999,44.0,52.0,1.3333333333333333,1,0,1
2018,sainz,renault,singapore,12,2.7009999999999934,0.26599999999999113,34.0,86.0,2.0,1,0,1
2018,leclerc,sauber,singapore,13,2.7319999999999993,-0.6189999999999998,13.0,19.0,0.0,1,0,1
2018,hulkenberg,renault,singapore,10,2.4350000000000023,-0.26599999999999113,52.0,90.0,0.0,1,0,1
2018,ericsson,sauber,singapore,14,3.350999999999999,0.6189999999999998,6.0,21.0,0.3333333333333333,1,0,0
2018,vandoorne,mclaren,singapore,18,3.8490000000000038,1.222999999999999,8.0,58.0,0.0,1,0,0
2018,gasly,toro_rosso,singapore,15,3.5990000000000038,-0.19499999999999318,28.0,30.0,3.3333333333333335,1,0,0
2018,stroll,williams,singapore,20,5.319000000000003,0.07099999999999795,6.0,7.0,0.6666666666666666,1,0,0
2018,grosjean,haas_f1_team,singapore,8,2.3049999999999926,-1.3240000000000123,27.0,76.0,2.3333333333333335,1,0,0
2018,perez,racing_point,singapore,7,1.9699999999999989,-0.37999999999999545,46.0,32.0,5.333333333333333,1,0,0
2018,hartley,toro_rosso,singapore,17,3.793999999999997,0.19499999999999318,2.0,30.0,0.0,1,0,0
2018,magnussen,haas_f1_team,singapore,16,3.629000000000005,1.3240000000000123,49.0,76.0,3.3333333333333335,1,0,0
2018,sirotkin,williams,singapore,19,5.248000000000005,-0.07099999999999795,1.0,7.0,0.3333333333333333,1,0,0
2018,ocon,racing_point,singapore,9,2.3499999999999943,0.37999999999999545,45.0,32.0,5.333333333333333,1,0,0
2018,hamilton,mercedes,sochi,2,0.14499999999999602,0.14499999999999602,281.0,452.0,22.666666666666668,0,1,1
2018,bottas,mercedes,sochi,1,0.0,-0.14499999999999602,171.0,477.0,13.0,0,1,1
2018,vettel,ferrari,sochi,3,0.5559999999999974,-0.29399999999999693,241.0,415.0,17.333333333333332,0,1,1
2018,r_ikk_nen,ferrari,sochi,4,0.8499999999999943,0.29399999999999693,174.0,430.0,9.333333333333334,0,1,1
2018,verstappen,red_bull_racing,sochi,11,1.6610000000000014,-0.19899999999999807,148.0,274.0,14.333333333333334,0,1,1
2018,ricciardo,red_bull_racing,sochi,12,1.8599999999999994,0.19899999999999807,126.0,284.0,2.6666666666666665,0,1,1
2018,leclerc,sauber,sochi,7,2.0319999999999965,-0.5760000000000076,15.0,21.0,0.6666666666666666,0,1,1
2018,magnussen,haas_f1_team,sochi,5,1.793999999999997,-0.3359999999999985,49.0,76.0,1.3333333333333333,0,1,1
2018,ocon,racing_point,sochi,6,2.0259999999999962,-0.15000000000000568,45.0,32.0,5.333333333333333,0,1,1
2018,perez,racing_point,sochi,8,2.176000000000002,0.15000000000000568,46.0,34.0,5.333333333333333,0,1,1
2018,grosjean,haas_f1_team,sochi,9,2.1299999999999955,0.3359999999999985,27.0,80.0,2.0,0,1,0
2018,hulkenberg,renault,sochi,15,3.2680000000000007,0.028999999999996362,53.0,91.0,0.3333333333333333,0,1,0
2018,ericsson,sauber,sochi,10,2.608000000000004,0.5760000000000076,6.0,27.0,0.3333333333333333,0,1,0
2018,alonso,mclaren,sochi,17,4.117000000000004,-0.472999999999999,50.0,58.0,2.0,0,1,0
2018,stroll,williams,sochi,20,5.049999999999997,0.8250000000000028,6.0,7.0,0.6666666666666666,0,1,0
2018,vandoorne,mclaren,sochi,19,4.590000000000003,0.472999999999999,8.0,58.0,0.0,0,1,0
2018,sainz,renault,sochi,14,3.2390000000000043,-0.028999999999996362,38.0,91.0,2.6666666666666665,0,1,0
2018,sirotkin,williams,sochi,18,4.224999999999994,-0.8250000000000028,1.0,7.0,0.3333333333333333,0,1,0
2018,gasly,toro_rosso,sochi,13,2.995999999999995,-0.6540000000000106,28.0,30.0,0.6666666666666666,0,1,0
2018,hartley,toro_rosso,sochi,16,3.6500000000000057,0.6540000000000106,2.0,30.0,0.0,0,1,0
2018,hamilton,mercedes,suzuka,1,0.0,-0.22699999999998965,306.0,495.0,25.0,0,0,1
2018,bottas,mercedes,suzuka,2,0.22699999999998965,0.22699999999998965,189.0,520.0,15.0,0,0,1
2018,verstappen,red_bull_racing,suzuka,3,1.0889999999999986,-0.9569999999999936,158.0,292.0,12.666666666666666,0,0,1
2018,ricciardo,red_bull_racing,suzuka,15,2.0459999999999923,0.9569999999999936,134.0,307.0,5.333333333333333,0,0,1
2018,r_ikk_nen,ferrari,suzuka,4,0.8349999999999937,0.3160000000000025,186.0,442.0,13.333333333333334,0,0,1
2018,vettel,ferrari,suzuka,9,0.5189999999999912,-0.3160000000000025,256.0,452.0,14.0,0,0,1
2018,perez,racing_point,suzuka,10,1.806999999999988,0.028999999999996362,47.0,35.0,2.3333333333333335,0,0,1
2018,grosjean,haas_f1_team,suzuka,5,1.9179999999999922,-0.5409999999999968,27.0,80.0,0.0,0,0,1
2018,ocon,racing_point,suzuka,8,1.7779999999999916,-0.028999999999996362,47.0,41.0,3.3333333333333335,0,0,1
2018,sainz,renault,suzuka,13,2.475999999999999,-0.125,38.0,91.0,2.6666666666666665,0,0,1
2018,gasly,toro_rosso,suzuka,7,2.049999999999997,-0.0379999999999967,28.0,30.0,0.0,0,0,0
2018,ericsson,sauber,suzuka,20,3.4529999999999887,1.5069999999999908,6.0,27.0,0.0,0,0,0
2018,hartley,toro_rosso,suzuka,6,2.087999999999994,0.0379999999999967,2.0,30.0,0.0,0,0,0
2018,alonso,mclaren,suzuka,18,2.812999999999988,-0.4680000000000035,50.0,58.0,2.0,0,0,0
2018,vandoorne,mclaren,suzuka,19,3.2809999999999917,0.4680000000000035,8.0,58.0,0.0,0,0,0
2018,sirotkin,williams,suzuka,17,2.6119999999999948,0.05500000000000682,1.0,7.0,0.3333333333333333,0,0,0
2018,stroll,williams,suzuka,14,2.556999999999988,-0.05500000000000682,6.0,7.0,0.6666666666666666,0,0,0
2018,leclerc,sauber,suzuka,11,1.945999999999998,-1.5069999999999908,21.0,27.0,2.6666666666666665,0,0,0
2018,hulkenberg,renault,suzuka,16,2.600999999999999,0.125,53.0,92.0,0.3333333333333333,0,0,0
2018,magnussen,haas_f1_team,suzuka,12,2.458999999999989,0.5409999999999968,53.0,84.0,1.3333333333333333,0,0,0
2018,r_ikk_nen,ferrari,austin,3,0.07000000000000739,0.009000000000000341,196.0,460.0,10.666666666666666,0,0,1
2018,verstappen,red_bull_racing,austin,15,2.5290000000000106,1.2720000000000056,173.0,319.0,14.333333333333334,0,0,1
2018,hamilton,mercedes,austin,1,0.0,-0.3790000000000049,331.0,538.0,25.0,0,0,1
2018,vettel,ferrari,austin,2,0.06100000000000705,-0.009000000000000341,264.0,485.0,12.666666666666666,0,0,1
2018,bottas,mercedes,austin,4,0.3790000000000049,0.3790000000000049,207.0,553.0,16.0,0,0,1
2018,hulkenberg,renault,austin,7,1.9780000000000086,-0.3509999999999991,53.0,92.0,0.3333333333333333,0,0,1
2018,sainz,renault,austin,11,2.3290000000000077,0.3509999999999991,39.0,100.0,1.6666666666666667,0,0,1
2018,perez,racing_point,austin,10,2.288000000000011,0.38000000000000966,53.0,43.0,2.3333333333333335,0,0,1
2018,hartley,toro_rosso,austin,14,2.9690000000000083,0.35600000000000875,2.0,30.0,0.0,0,0,1
2018,ericsson,sauber,austin,19,3.2990000000000066,1.281000000000006,6.0,27.0,0.0,0,0,1
2018,vandoorne,mclaren,austin,20,3.4980000000000047,0.4410000000000025,8.0,58.0,0.0,0,0,0
2018,gasly,toro_rosso,austin,13,2.6129999999999995,-0.35600000000000875,28.0,32.0,0.0,0,0,0
2018,sirotkin,williams,austin,17,3.125,-0.11800000000000921,1.0,7.0,0.0,0,0,0
2018,stroll,williams,austin,18,3.243000000000009,0.11800000000000921,6.0,7.0,0.0,0,0,0
2018,leclerc,sauber,austin,9,2.0180000000000007,-1.281000000000006,21.0,28.0,2.6666666666666665,0,0,0
2018,ricciardo,red_bull_racing,austin,5,1.257000000000005,-1.2720000000000056,146.0,337.0,9.333333333333334,0,0,0
2018,grosjean,haas_f1_team,austin,8,2.0130000000000052,-0.4819999999999993,31.0,84.0,1.3333333333333333,0,0,0
2018,alonso,mclaren,austin,16,3.057000000000002,-0.4410000000000025,50.0,58.0,2.0,0,0,0
2018,ocon,racing_point,austin,6,1.9080000000000013,-0.38000000000000966,49.0,47.0,1.3333333333333333,0,0,0
2018,magnussen,haas_f1_team,austin,12,2.4950000000000045,0.4819999999999993,53.0,84.0,1.3333333333333333,0,0,0
2018,verstappen,red_bull_racing,mexico_city,2,0.02599999999999625,0.02599999999999625,191.0,337.0,14.333333333333334,0,0,1
2018,vettel,ferrari,mexico_city,4,0.21099999999999852,-0.35999999999999943,276.0,497.0,11.666666666666666,0,0,1
2018,r_ikk_nen,ferrari,mexico_city,6,0.570999999999998,0.35999999999999943,221.0,515.0,15.666666666666666,0,0,1
2018,hamilton,mercedes,mexico_city,3,0.13500000000000512,-0.26599999999999113,346.0,563.0,21.666666666666668,0,0,1
2018,bottas,mercedes,mexico_city,5,0.40099999999999625,0.26599999999999113,217.0,575.0,15.333333333333334,0,0,1
2018,hulkenberg,renault,mexico_city,7,1.0679999999999978,-0.257000000000005,61.0,106.0,2.6666666666666665,0,0,1
2018,leclerc,sauber,mexico_city,9,1.4299999999999926,-0.3240000000000123,21.0,28.0,2.0,0,0,1
2018,vandoorne,mclaren,mexico_city,17,2.2069999999999936,0.10899999999999466,8.0,58.0,0.0,0,0,1
2018,ericsson,sauber,mexico_city,10,1.7540000000000049,0.3240000000000123,7.0,34.0,0.3333333333333333,0,0,1
2018,gasly,toro_rosso,mexico_city,15,2.0690000000000026,0.1460000000000008,28.0,32.0,0.0,0,0,1
2018,ocon,racing_point,mexico_city,11,1.492999999999995,0.009999999999990905,49.0,47.0,1.3333333333333333,0,0,0
2018,stroll,williams,mexico_city,19,2.9299999999999926,-0.19700000000000273,6.0,7.0,0.0,0,0,0
2018,sirotkin,williams,mexico_city,20,3.1269999999999953,0.19700000000000273,1.0,7.0,0.0,0,0,0
2018,hartley,toro_rosso,mexico_city,14,1.9230000000000018,-0.1460000000000008,4.0,33.0,0.6666666666666666,0,0,0
2018,magnussen,haas_f1_team,mexico_city,18,2.8400000000000034,0.6880000000000024,53.0,84.0,1.3333333333333333,0,0,0
2018,grosjean,haas_f1_team,mexico_city,16,2.152000000000001,-0.6880000000000024,31.0,84.0,1.3333333333333333,0,0,0
2018,ricciardo,red_bull_racing,mexico_city,1,0.0,-0.02599999999999625,146.0,362.0,6.666666666666667,0,0,0
2018,perez,racing_point,mexico_city,13,1.483000000000004,-0.009999999999990905,57.0,47.0,3.6666666666666665,0,0,0
2018,sainz,renault,mexico_city,8,1.3250000000000028,0.257000000000005,45.0,114.0,2.3333333333333335,0,0,0
2018,alonso,mclaren,mexico_city,12,2.097999999999999,-0.10899999999999466,50.0,62.0,0.0,0,0,0
2018,hamilton,mercedes,s_o_paulo,1,0.0,-0.1599999999999966,358.0,585.0,17.333333333333332,0,0,1
2018,verstappen,red_bull_racing,s_o_paulo,5,0.4969999999999999,-0.001999999999995339,216.0,362.0,19.333333333333332,0,0,1
2018,r_ikk_nen,ferrari,s_o_paulo,4,0.17499999999999716,0.08200000000000784,236.0,530.0,16.666666666666668,0,0,1
2018,ricciardo,red_bull_racing,s_o_paulo,6,0.4989999999999952,0.001999999999995339,146.0,380.0,4.0,0,0,1
2018,bottas,mercedes,s_o_paulo,3,0.1599999999999966,0.1599999999999966,227.0,610.0,12.666666666666666,0,0,1
2018,vettel,ferrari,s_o_paulo,2,0.09299999999998931,-0.08200000000000784,294.0,545.0,12.666666666666666,0,0,1
2018,leclerc,sauber,s_o_paulo,8,1.0539999999999878,0.03899999999998727,27.0,36.0,2.0,0,0,1
2018,grosjean,haas_f1_team,s_o_paulo,9,0.9579999999999984,-0.23499999999999943,31.0,84.0,1.3333333333333333,0,0,1
2018,magnussen,haas_f1_team,s_o_paulo,11,1.1929999999999978,0.23499999999999943,53.0,88.0,0.0,0,0,1
2018,perez,racing_point,s_o_paulo,12,1.4599999999999937,-0.028999999999996362,57.0,47.0,3.3333333333333335,0,0,1
2018,hartley,toro_rosso,s_o_paulo,17,1.9989999999999952,0.6640000000000015,4.0,33.0,0.6666666666666666,0,0,0
2018,sainz,renault,s_o_paulo,16,1.9879999999999995,0.4350000000000023,45.0,114.0,2.3333333333333335,0,0,0
2018,gasly,toro_rosso,s_o_paulo,10,1.3349999999999937,-0.6640000000000015,29.0,33.0,0.3333333333333333,0,0,0
2018,vandoorne,mclaren,s_o_paulo,20,2.319999999999993,0.19899999999999807,12.0,62.0,1.3333333333333333,0,0,0
2018,ocon,racing_point,s_o_paulo,13,1.48899999999999,0.028999999999996362,49.0,48.0,0.6666666666666666,0,0,0
2018,sirotkin,williams,s_o_paulo,15,1.9779999999999944,-0.18200000000000216,1.0,7.0,0.0,0,0,0
2018,alonso,mclaren,s_o_paulo,18,2.120999999999995,-0.19899999999999807,50.0,62.0,0.0,0,0,0
2018,stroll,williams,s_o_paulo,19,2.1599999999999966,0.18200000000000216,6.0,7.0,0.0,0,0,0
2018,hulkenberg,renault,s_o_paulo,14,1.5529999999999973,-0.4350000000000023,69.0,114.0,5.333333333333333,0,0,0
2018,ericsson,sauber,s_o_paulo,7,1.0150000000000006,-0.03899999999998727,9.0,42.0,1.0,0,0,0
2018,hamilton,mercedes,yas_marina,1,0.0,-0.16200000000000614,383.0,620.0,17.333333333333332,0,1,1
2018,vettel,ferrari,yas_marina,3,0.33100000000000307,-0.23999999999999488,302.0,553.0,12.666666666666666,0,1,1
2018,verstappen,red_bull_racing,yas_marina,6,0.7950000000000017,0.1880000000000024,234.0,392.0,20.333333333333332,0,1,1
2018,ricciardo,red_bull_racing,yas_marina,5,0.6069999999999993,-0.1880000000000024,158.0,407.0,4.0,0,1,1
2018,bottas,mercedes,yas_marina,2,0.16200000000000614,0.16200000000000614,237.0,645.0,10.0,0,1,1
2018,sainz,renault,yas_marina,11,2.1880000000000024,0.4399999999999977,45.0,114.0,2.0,0,1,1
2018,leclerc,sauber,yas_marina,8,1.4429999999999978,-0.8950000000000102,33.0,42.0,4.0,0,1,1
2018,perez,racing_point,yas_marina,14,2.4609999999999985,0.7149999999999892,58.0,48.0,1.6666666666666667,0,1,1
2018,grosjean,haas_f1_team,yas_marina,7,1.3979999999999961,-1.1170000000000044,35.0,90.0,1.3333333333333333,0,1,1
2018,magnussen,haas_f1_team,yas_marina,13,2.5150000000000006,1.1170000000000044,55.0,92.0,0.6666666666666666,0,1,1
2018,alonso,mclaren,yas_marina,15,2.948999999999998,-0.8340000000000032,50.0,62.0,0.0,0,1,0
2018,hartley,toro_rosso,yas_marina,16,3.200000000000003,-0.17199999999999704,4.0,33.0,0.6666666666666666,0,1,0
2018,stroll,williams,yas_marina,20,3.8880000000000052,0.046999999999997044,6.0,7.0,0.0,0,1,0
2018,vandoorne,mclaren,yas_marina,18,3.7830000000000013,0.8340000000000032,12.0,62.0,1.3333333333333333,0,1,0
2018,sirotkin,williams,yas_marina,19,3.841000000000008,-0.046999999999997044,1.0,7.0,0.0,0,1,0
2018,gasly,toro_rosso,yas_marina,17,3.372,0.17199999999999704,29.0,33.0,0.3333333333333333,0,1,0
2018,ocon,racing_point,yas_marina,9,1.7460000000000093,-0.7149999999999892,49.0,52.0,0.0,0,1,0
2018,ericsson,sauber,yas_marina,12,2.338000000000008,0.8950000000000102,9.0,48.0,1.0,0,1,0
2018,r_ikk_nen,ferrari,yas_marina,4,0.570999999999998,0.23999999999999488,251.0,571.0,18.333333333333332,0,1,0
2018,hulkenberg,renault,yas_marina,10,1.7480000000000047,-0.4399999999999977,69.0,122.0,5.333333333333333,0,1,0
