year,round_number,driver_id,constructor_id,circuit_id,grid_position,quali_delta,quali_tm_delta,season_pts_driver,season_pts_team,last_3_avg,is_street_circuit,is_wet,race_time
2019,1,bottas,mercedes,melbourne,2,0.11199999999999477,0.11199999999999477,0.0,0.0,0.0,1,0,5127.325
2019,1,hamilton,mercedes,melbourne,1,0.0,-0.11199999999999477,0.0,26.0,0.0,1,0,20.886
2019,1,verstappen,red_bull_racing,melbourne,4,0.833999999999989,-1.7000000000000028,0.0,0.0,0.0,1,0,22.52
2019,1,vettel,ferrari,melbourne,3,0.7039999999999935,-0.25199999999999534,0.0,0.0,0.0,1,0,57.109
2019,1,leclerc,ferrari,melbourne,5,0.9559999999999889,0.25199999999999534,0.0,12.0,0.0,1,0,58.203
2019,1,magnussen,haas_f1_team,melbourne,7,1.6129999999999995,0.27300000000001035,0.0,0.0,0.0,1,0,87.156
2019,1,hulkenberg,renault,melbourne,11,2.054000000000002,-0.029999999999986926,0.0,0.0,0.0,1,0,
2019,1,r_ikk_nen,alfa_romeo_racing,melbourne,9,1.8279999999999887,-0.11700000000000443,0.0,0.0,0.0,1,0,
2019,1,stroll,racing_point,melbourne,16,2.5309999999999917,0.48499999999999943,0.0,0.0,0.0,1,0,
2019,1,kvyat,toro_rosso,melbourne,15,2.0249999999999915,-0.125,0.0,0.0,0.0,1,0,
2019,1,gasly,red_bull_racing,melbourne,17,2.533999999999992,1.7000000000000028,0.0,15.0,0.0,1,0,
2019,1,norris,mclaren,melbourne,8,1.8179999999999978,-0.7800000000000011,0.0,0.0,0.0,1,0,
2019,1,perez,racing_point,melbourne,10,2.0459999999999923,-0.48499999999999943,0.0,2.0,0.0,1,0,
2019,1,albon,toro_rosso,melbourne,13,2.1499999999999915,0.125,0.0,1.0,0.0,1,0,
2019,1,giovinazzi,alfa_romeo_racing,melbourne,14,1.9449999999999932,0.11700000000000443,0.0,4.0,0.0,1,0,
2019,1,russell,williams,melbourne,19,3.8739999999999952,-1.7069999999999936,0.0,0.0,0.0,1,0,
2019,1,kubica,williams,melbourne,20,5.580999999999989,1.7069999999999936,0.0,0.0,0.0,1,0,
2019,1,grosjean,haas_f1_team,melbourne,6,1.3399999999999892,-0.27300000000001035,0.0,8.0,0.0,1,0,
2019,1,ricciardo,renault,melbourne,12,2.083999999999989,0.029999999999986926,0.0,6.0,0.0,1,0,
2019,1,sainz,mclaren,melbourne,18,2.597999999999999,0.7800000000000011,0.0,0.0,0.0,1,0,
2019,2,hamilton,mercedes,sakhir,3,0.32399999999999807,-0.0660000000000025,18.0,44.0,18.0,0,0,5661.295
2019,2,bottas,mercedes,sakhir,4,0.39000000000000057,0.0660000000000025,26.0,69.0,26.0,0,0,2.98
2019,2,leclerc,ferrari,sakhir,1,0.0,-0.29399999999999693,10.0,22.0,10.0,0,0,6.131
2019,2,verstappen,red_bull_racing,sakhir,5,0.8859999999999957,-0.7740000000000009,15.0,15.0,15.0,0,0,6.408
2019,2,vettel,ferrari,sakhir,2,0.29399999999999693,0.29399999999999693,12.0,38.0,12.0,0,0,36.068
2019,2,norris,mclaren,sakhir,10,1.1770000000000067,0.23000000000000398,0.0,0.0,0.0,0,0,45.754
2019,2,r_ikk_nen,alfa_romeo_racing,sakhir,9,1.156000000000006,-1.0039999999999907,4.0,4.0,4.0,0,0,47.47
2019,2,gasly,red_bull_racing,sakhir,13,1.6599999999999966,0.7740000000000009,0.0,27.0,0.0,0,0,58.094
2019,2,albon,toro_rosso,sakhir,12,1.6470000000000056,-0.340999999999994,0.0,1.0,0.0,0,0,62.697
2019,2,perez,racing_point,sakhir,14,1.8900000000000006,-0.4609999999999985,0.0,2.0,0.0,0,0,63.696
2019,2,giovinazzi,alfa_romeo_racing,sakhir,16,2.1599999999999966,1.0039999999999907,0.0,10.0,0.0,0,0,64.599
2019,2,kvyat,toro_rosso,sakhir,15,1.9879999999999995,0.340999999999994,1.0,3.0,1.0,0,0,
2019,2,magnussen,haas_f1_team,sakhir,6,0.8910000000000053,-0.25799999999999557,8.0,8.0,8.0,0,0,
2019,2,stroll,racing_point,sakhir,18,2.350999999999999,0.4609999999999985,2.0,3.0,2.0,0,0,
2019,2,russell,williams,sakhir,19,3.8930000000000007,-0.04000000000000625,0.0,0.0,0.0,0,0,
2019,2,kubica,williams,sakhir,20,3.933000000000007,0.04000000000000625,0.0,0.0,0.0,0,0,
2019,2,hulkenberg,renault,sakhir,17,2.1680000000000064,0.5460000000000065,6.0,6.0,6.0,0,0,
2019,2,ricciardo,renault,sakhir,11,1.6219999999999999,-0.5460000000000065,0.0,6.0,0.0,0,0,
2019,2,sainz,mclaren,sakhir,7,0.9470000000000027,-0.23000000000000398,0.0,8.0,0.0,0,0,
2019,2,grosjean,haas_f1_team,sakhir,8,1.149000000000001,0.25799999999999557,0.0,8.0,0.0,0,0,
2019,3,hamilton,mercedes,shanghai,2,0.022999999999996135,0.022999999999996135,43.0,87.0,21.5,0,0,5526.35
2019,3,bottas,mercedes,shanghai,1,0.0,-0.022999999999996135,44.0,112.0,22.0,0,0,6.552
2019,3,vettel,ferrari,shanghai,3,0.30100000000000193,-0.016999999999995907,22.0,48.0,11.0,0,0,13.774000000000001
2019,3,verstappen,red_bull_racing,shanghai,5,0.5420000000000016,-0.8410000000000082,27.0,31.0,13.5,0,0,27.627
2019,3,leclerc,ferrari,shanghai,4,0.31799999999999784,0.016999999999995907,26.0,63.0,13.0,0,0,31.276
2019,3,gasly,red_bull_racing,shanghai,6,1.3830000000000098,0.8410000000000082,4.0,43.0,2.0,0,0,89.307
2019,3,ricciardo,renault,shanghai,7,1.4110000000000014,-0.0040000000000048885,0.0,6.0,0.0,0,0,
2019,3,perez,racing_point,shanghai,12,1.7520000000000095,-0.992999999999995,1.0,3.0,0.5,0,0,
2019,3,r_ikk_nen,alfa_romeo_racing,shanghai,13,1.8719999999999999,-43.102999999999994,10.0,10.0,5.0,0,0,
2019,3,albon,toro_rosso,shanghai,-1,1.8739396135265705,0.0,2.0,3.0,1.0,0,0,
2019,3,grosjean,haas_f1_team,shanghai,10,1.6090000000000089,0.006000000000000227,0.0,8.0,0.0,0,0,
2019,3,stroll,racing_point,shanghai,16,2.7450000000000045,0.992999999999995,2.0,7.0,1.0,0,0,
2019,3,magnussen,haas_f1_team,shanghai,9,1.6030000000000086,-0.006000000000000227,8.0,8.0,4.0,0,0,
2019,3,sainz,mclaren,shanghai,14,1.975999999999999,-0.4440000000000026,0.0,8.0,0.0,0,0,
2019,3,giovinazzi,alfa_romeo_racing,shanghai,-1,44.974999999999994,43.102999999999994,0.0,12.0,0.0,0,0,
2019,3,russell,williams,shanghai,17,3.706000000000003,-0.028000000000005798,0.0,0.0,0.0,0,0,
2019,3,kubica,williams,shanghai,18,3.734000000000009,0.028000000000005798,0.0,0.0,0.0,0,0,
2019,3,norris,mclaren,shanghai,15,2.4200000000000017,0.4440000000000026,8.0,8.0,4.0,0,0,
2019,3,kvyat,toro_rosso,shanghai,11,1.6890000000000072,0.0,1.0,4.0,0.5,0,0,
2019,3,hulkenberg,renault,shanghai,8,1.4150000000000063,0.0040000000000048885,6.0,12.0,3.0,0,0,
2019,4,bottas,mercedes,baku,1,0.0,-0.0589999999999975,62.0,130.0,20.666666666666668,1,0,5512.942
2019,4,hamilton,mercedes,baku,2,0.0589999999999975,0.0589999999999975,68.0,155.0,22.666666666666668,1,0,1.524
2019,4,vettel,ferrari,baku,3,0.3019999999999925,-0.6290000000000049,37.0,73.0,12.333333333333334,1,0,11.739
2019,4,verstappen,red_bull_racing,baku,4,0.5739999999999981,-0.26599999999999113,39.0,52.0,13.0,1,0,17.493
2019,4,leclerc,ferrari,baku,9,0.9309999999999974,0.6290000000000049,36.0,88.0,12.0,1,0,69.107
2019,4,perez,racing_point,baku,5,1.097999999999999,-1.036999999999992,5.0,7.0,1.6666666666666667,1,0,76.416
2019,4,sainz,mclaren,baku,10,1.4410000000000025,0.05000000000001137,0.0,8.0,0.0,1,0,83.826
2019,4,norris,mclaren,baku,7,1.3909999999999911,-0.05000000000001137,8.0,14.0,2.6666666666666665,1,0,100.268
2019,4,stroll,racing_point,baku,14,2.134999999999991,1.036999999999992,2.0,15.0,0.6666666666666666,1,0,103.816
2019,4,r_ikk_nen,alfa_romeo_racing,baku,19,1.563999999999993,-0.08100000000000307,12.0,12.0,4.0,1,0,
2019,4,albon,toro_rosso,baku,12,1.6589999999999918,0.472999999999999,3.0,4.0,1.0,1,0,
2019,4,giovinazzi,alfa_romeo_racing,baku,8,1.644999999999996,0.08100000000000307,0.0,13.0,0.0,1,0,
2019,4,magnussen,haas_f1_team,baku,13,1.8870000000000005,-1.0249999999999915,8.0,8.0,2.6666666666666665,1,0,
2019,4,hulkenberg,renault,baku,16,2.932000000000002,0.9500000000000028,6.0,12.0,2.0,1,0,
2019,4,russell,williams,baku,17,4.566999999999993,-0.3930000000000007,0.0,0.0,0.0,1,0,
2019,4,kubica,williams,baku,18,4.959999999999994,0.3930000000000007,0.0,0.0,0.0,1,0,
2019,4,gasly,red_bull_racing,baku,20,0.8399999999999892,0.26599999999999113,13.0,64.0,4.333333333333333,1,0,
2019,4,grosjean,haas_f1_team,baku,15,2.911999999999992,1.0249999999999915,0.0,8.0,0.0,1,0,
2019,4,kvyat,toro_rosso,baku,6,1.1859999999999928,-0.472999999999999,1.0,4.0,0.3333333333333333,1,0,
2019,4,ricciardo,renault,baku,11,1.9819999999999993,-0.9500000000000028,6.0,12.0,2.0,1,0,
2019,5,hamilton,mercedes,barcelona,2,0.6319999999999908,0.6319999999999908,86.0,173.0,22.666666666666668,0,0,5750.443
2019,5,bottas,mercedes,barcelona,1,0.0,-0.6319999999999908,87.0,199.0,20.333333333333332,0,0,4.074
2019,5,verstappen,red_bull_racing,barcelona,4,0.9509999999999934,-0.3509999999999991,51.0,64.0,12.0,0,0,7.679
2019,5,vettel,ferrari,barcelona,3,0.8659999999999997,-0.3159999999999883,52.0,99.0,13.333333333333334,0,0,9.167
2019,5,leclerc,ferrari,barcelona,5,1.181999999999988,0.3159999999999883,47.0,111.0,12.333333333333334,0,0,13.361
2019,5,gasly,red_bull_racing,barcelona,6,1.3019999999999925,0.3509999999999991,13.0,79.0,4.333333333333333,0,0,19.576
2019,5,magnussen,haas_f1_team,barcelona,8,1.5159999999999911,0.01099999999999568,8.0,8.0,0.0,0,0,28.159
2019,5,sainz,mclaren,barcelona,13,2.192999999999998,0.2610000000000099,6.0,18.0,2.0,0,0,32.342
2019,5,kvyat,toro_rosso,barcelona,9,1.836999999999989,-0.20199999999999818,1.0,4.0,0.0,0,0,33.056
2019,5,grosjean,haas_f1_team,barcelona,7,1.5049999999999955,-0.01099999999999568,0.0,14.0,0.0,0,0,34.641
2019,5,albon,toro_rosso,barcelona,12,2.0389999999999873,0.20199999999999818,3.0,6.0,1.0,0,0,35.445
2019,5,ricciardo,renault,barcelona,10,1.8930000000000007,-1.1049999999999898,6.0,12.0,2.0,0,0,36.758
2019,5,hulkenberg,renault,barcelona,16,2.9979999999999905,1.1049999999999898,6.0,12.0,0.0,0,0,39.241
2019,5,r_ikk_nen,alfa_romeo_racing,barcelona,14,2.381999999999991,-0.8760000000000048,13.0,13.0,3.0,0,0,41.803
2019,5,perez,racing_point,barcelona,15,2.4799999999999898,-0.585000000000008,13.0,17.0,4.333333333333333,0,0,46.877
2019,5,giovinazzi,alfa_romeo_racing,barcelona,18,3.2579999999999956,0.8760000000000048,0.0,13.0,0.0,0,0,47.691
2019,5,russell,williams,barcelona,19,3.665999999999997,-1.1820000000000022,0.0,0.0,0.0,0,0,
2019,5,kubica,williams,barcelona,20,4.847999999999999,1.1820000000000022,0.0,0.0,0.0,0,0,
2019,5,stroll,racing_point,barcelona,17,3.0649999999999977,0.585000000000008,4.0,17.0,0.6666666666666666,0,0,
2019,5,norris,mclaren,barcelona,11,1.931999999999988,-0.2610000000000099,12.0,22.0,4.0,0,0,
2019,6,hamilton,mercedes,monte_carlo,1,0.0,-0.08599999999999852,112.0,217.0,23.0,1,1,6208.437
2019,6,vettel,ferrari,monte_carlo,4,0.7810000000000059,-1.2019999999999982,64.0,121.0,14.0,1,1,2.602
2019,6,bottas,mercedes,monte_carlo,2,0.08599999999999852,0.08599999999999852,105.0,242.0,20.333333333333332,1,1,3.162
2019,6,verstappen,red_bull_racing,monte_carlo,3,0.4519999999999982,-0.4230000000000018,66.0,87.0,13.0,1,1,5.537
2019,6,gasly,red_bull_racing,monte_carlo,5,0.875,0.4230000000000018,21.0,99.0,5.666666666666667,1,1,9.946
2019,6,sainz,mclaren,monte_carlo,9,1.2510000000000048,-0.30700000000000216,10.0,22.0,3.3333333333333335,1,1,53.454
2019,6,kvyat,toro_rosso,monte_carlo,8,1.105000000000004,-0.15800000000000125,3.0,6.0,0.6666666666666666,1,1,54.574
2019,6,albon,toro_rosso,monte_carlo,10,1.2630000000000052,0.15800000000000125,3.0,12.0,0.3333333333333333,1,1,55.2
2019,6,ricciardo,renault,monte_carlo,7,1.0520000000000067,-0.4519999999999982,6.0,12.0,2.0,1,1,60.894
2019,6,grosjean,haas_f1_team,monte_carlo,13,1.6710000000000065,0.7280000000000086,1.0,15.0,0.3333333333333333,1,1,61.034
2019,6,norris,mclaren,monte_carlo,12,1.558000000000007,0.30700000000000216,12.0,30.0,1.3333333333333333,1,1,66.801
2019,6,perez,racing_point,monte_carlo,17,2.0670000000000073,-0.6129999999999995,13.0,17.0,4.0,1,1,
2019,6,hulkenberg,renault,monte_carlo,11,1.5040000000000049,0.4519999999999982,6.0,14.0,0.0,1,1,
2019,6,magnussen,haas_f1_team,monte_carlo,6,0.9429999999999978,-0.7280000000000086,14.0,16.0,2.0,1,1,
2019,6,russell,williams,monte_carlo,19,3.311000000000007,-0.2740000000000009,0.0,0.0,0.0,1,1,
2019,6,stroll,racing_point,monte_carlo,18,2.680000000000007,0.6129999999999995,4.0,17.0,0.6666666666666666,1,1,
2019,6,r_ikk_nen,alfa_romeo_racing,monte_carlo,14,1.8269999999999982,0.016999999999995907,13.0,13.0,1.0,1,1,
2019,6,kubica,williams,monte_carlo,20,3.585000000000008,0.2740000000000009,0.0,0.0,0.0,1,1,
2019,6,giovinazzi,alfa_romeo_racing,monte_carlo,15,1.8100000000000023,-0.016999999999995907,0.0,13.0,0.0,1,1,
2019,6,leclerc,ferrari,monte_carlo,16,1.983000000000004,1.2019999999999982,57.0,139.0,10.333333333333334,1,1,
2019,7,hamilton,mercedes,montr_al,2,0.20600000000000307,-0.6490000000000009,137.0,257.0,23.0,0,0,5347.084
2019,7,vettel,ferrari,montr_al,1,0.0,-0.6800000000000068,82.0,139.0,15.0,0,0,3.658
2019,7,leclerc,ferrari,montr_al,3,0.6800000000000068,0.6800000000000068,57.0,157.0,7.0,0,0,4.696
2019,7,bottas,mercedes,montr_al,6,0.855000000000004,0.6490000000000009,120.0,282.0,19.333333333333332,0,0,51.043
2019,7,verstappen,red_bull_racing,montr_al,11,1.3790000000000049,0.5400000000000063,78.0,110.0,13.0,0,0,57.655
2019,7,ricciardo,renault,montr_al,4,0.8310000000000031,-0.2530000000000001,8.0,14.0,0.6666666666666666,0,0,
2019,7,hulkenberg,renault,montr_al,7,1.0840000000000032,0.2530000000000001,6.0,22.0,0.0,0,0,
2019,7,gasly,red_bull_racing,montr_al,5,0.8389999999999986,-0.5400000000000063,32.0,120.0,6.333333333333333,0,0,
2019,7,stroll,racing_point,montr_al,18,2.0260000000000105,0.06900000000000261,4.0,17.0,0.6666666666666666,0,0,
2019,7,kvyat,toro_rosso,montr_al,12,1.6810000000000116,-0.09899999999998954,9.0,16.0,2.6666666666666665,0,0,
2019,7,sainz,mclaren,montr_al,9,1.3320000000000078,-0.1629999999999967,18.0,30.0,6.0,0,0,
2019,7,perez,racing_point,montr_al,16,1.9570000000000078,-0.06900000000000261,13.0,19.0,2.6666666666666665,0,0,
2019,7,giovinazzi,alfa_romeo_racing,montr_al,13,1.882000000000005,-0.10800000000000409,0.0,13.0,0.0,0,0,
2019,7,grosjean,haas_f1_team,montr_al,15,1.8689999999999998,0.3229999999999933,2.0,16.0,0.6666666666666666,0,0,
2019,7,r_ikk_nen,alfa_romeo_racing,montr_al,17,1.990000000000009,0.10800000000000409,13.0,13.0,0.3333333333333333,0,0,
2019,7,russell,williams,montr_al,19,3.3770000000000095,-0.7759999999999962,0.0,0.0,0.0,0,0,
2019,7,magnussen,haas_f1_team,montr_al,10,1.5460000000000065,-0.3229999999999933,14.0,16.0,2.0,0,0,
2019,7,kubica,williams,montr_al,20,4.153000000000006,0.7759999999999962,0.0,0.0,0.0,0,0,
2019,7,albon,toro_rosso,montr_al,14,1.7800000000000011,0.09899999999998954,7.0,17.0,1.3333333333333333,0,0,
2019,7,norris,mclaren,montr_al,8,1.4950000000000045,0.1629999999999967,12.0,30.0,1.3333333333333333,0,0,
2019,8,hamilton,mercedes,le_castellet,1,0.0,-0.28600000000000136,162.0,295.0,25.333333333333332,0,0,5071.198
2019,8,bottas,mercedes,le_castellet,2,0.28600000000000136,0.28600000000000136,133.0,320.0,15.333333333333334,0,0,18.056
2019,8,leclerc,ferrari,le_castellet,3,0.6460000000000008,-0.5409999999999968,72.0,172.0,8.333333333333334,0,0,18.985
2019,8,verstappen,red_bull_racing,le_castellet,4,1.0900000000000034,-0.7749999999999915,88.0,124.0,12.333333333333334,0,0,34.905
2019,8,vettel,ferrari,le_castellet,7,1.1869999999999976,0.5409999999999968,100.0,187.0,16.0,0,0,62.796
2019,8,sainz,mclaren,le_castellet,6,1.203000000000003,0.1039999999999992,18.0,30.0,4.0,0,0,95.462
2019,8,r_ikk_nen,alfa_romeo_racing,le_castellet,12,2.2139999999999986,0.125,13.0,13.0,0.0,0,0,
2019,8,hulkenberg,renault,le_castellet,13,2.2249999999999943,0.6259999999999906,12.0,28.0,2.0,0,0,
2019,8,norris,mclaren,le_castellet,5,1.0990000000000038,-0.1039999999999992,12.0,38.0,0.0,0,0,
2019,8,gasly,red_bull_racing,le_castellet,9,1.8649999999999949,0.7749999999999915,36.0,136.0,7.666666666666667,0,0,
2019,8,ricciardo,renault,le_castellet,8,1.5990000000000038,-0.6259999999999906,16.0,32.0,3.3333333333333335,0,0,
2019,8,perez,racing_point,le_castellet,14,2.418999999999997,-0.9879999999999995,13.0,19.0,0.0,0,0,
2019,8,stroll,racing_point,le_castellet,18,3.4069999999999965,0.9879999999999995,6.0,19.0,0.6666666666666666,0,0,
2019,8,kvyat,toro_rosso,le_castellet,16,3.2449999999999903,1.1029999999999944,10.0,17.0,3.0,0,0,
2019,8,albon,toro_rosso,le_castellet,11,2.141999999999996,-1.1029999999999944,7.0,17.0,1.3333333333333333,0,0,
2019,8,giovinazzi,alfa_romeo_racing,le_castellet,10,2.0889999999999986,-0.125,0.0,19.0,0.0,0,0,
2019,8,magnussen,haas_f1_team,le_castellet,15,2.846999999999994,-0.46000000000000796,14.0,16.0,2.0,0,0,
2019,8,kubica,williams,le_castellet,20,4.885999999999996,0.4159999999999968,0.0,0.0,0.0,0,0,
2019,8,russell,williams,le_castellet,19,4.469999999999999,-0.4159999999999968,0.0,0.0,0.0,0,0,
2019,8,grosjean,haas_f1_team,le_castellet,17,3.307000000000002,0.46000000000000796,2.0,16.0,0.6666666666666666,0,0,
2019,9,verstappen,red_bull_racing,spielberg,3,0.43599999999999994,-0.5489999999999995,100.0,137.0,11.333333333333334,0,0,4921.822
2019,9,leclerc,ferrari,spielberg,1,0.0,-0.6640000000000015,87.0,198.0,10.0,0,0,2.724
2019,9,bottas,mercedes,spielberg,4,0.5339999999999989,0.2749999999999986,151.0,338.0,15.333333333333334,0,0,18.96
2019,9,vettel,ferrari,spielberg,10,0.6640000000000015,0.6640000000000015,111.0,216.0,15.666666666666666,0,0,19.61
2019,9,hamilton,mercedes,spielberg,2,0.25900000000000034,-0.2749999999999986,187.0,353.0,25.0,0,0,22.805
2019,9,norris,mclaren,spielberg,6,1.0960000000000036,-0.3539999999999992,14.0,40.0,0.6666666666666666,0,0,
2019,9,gasly,red_bull_racing,spielberg,9,0.9849999999999994,0.5489999999999995,37.0,163.0,5.333333333333333,0,0,
2019,9,sainz,mclaren,spielberg,15,1.4500000000000028,0.3539999999999992,26.0,48.0,5.333333333333333,0,0,
2019,9,r_ikk_nen,alfa_romeo_racing,spielberg,7,1.0529999999999973,-0.12300000000000466,19.0,19.0,2.0,0,0,
2019,9,giovinazzi,alfa_romeo_racing,spielberg,8,1.176000000000002,0.12300000000000466,0.0,21.0,0.0,0,0,
2019,9,perez,racing_point,spielberg,16,1.7860000000000014,-0.042999999999992156,13.0,19.0,0.0,0,0,
2019,9,ricciardo,renault,spielberg,14,1.6440000000000055,0.13100000000000023,16.0,32.0,3.3333333333333335,0,0,
2019,9,hulkenberg,renault,spielberg,12,1.5130000000000052,-0.13100000000000023,16.0,32.0,3.3333333333333335,0,0,
2019,9,stroll,racing_point,spielberg,17,1.8289999999999935,0.042999999999992156,6.0,19.0,0.6666666666666666,0,0,
2019,9,albon,toro_rosso,spielberg,13,1.6620000000000061,-0.6589999999999918,7.0,17.0,1.3333333333333333,0,0,
2019,9,grosjean,haas_f1_team,spielberg,11,1.4869999999999948,0.41799999999999216,2.0,16.0,0.3333333333333333,0,0,
2019,9,kvyat,toro_rosso,spielberg,18,2.320999999999998,0.6589999999999918,10.0,17.0,2.3333333333333335,0,0,
2019,9,russell,williams,spielberg,19,2.9009999999999962,-0.3020000000000067,0.0,0.0,0.0,0,0,
2019,9,magnussen,haas_f1_team,spielberg,5,1.0690000000000026,-0.41799999999999216,14.0,16.0,0.0,0,0,
2019,9,kubica,williams,spielberg,20,3.203000000000003,0.3020000000000067,0.0,0.0,0.0,0,0,
2019,10,hamilton,mercedes,silverstone,2,0.006000000000000227,0.006000000000000227,197.0,363.0,20.0,0,0,4868.452
2019,10,bottas,mercedes,silverstone,1,0.0,-0.006000000000000227,166.0,389.0,15.333333333333334,0,0,24.928
2019,10,leclerc,ferrari,silverstone,3,0.07899999999999352,-0.6150000000000091,105.0,228.0,16.0,0,0,30.117
2019,10,gasly,red_bull_racing,silverstone,5,0.4969999999999999,0.31400000000000716,43.0,169.0,3.6666666666666665,0,0,34.692
2019,10,verstappen,red_bull_racing,silverstone,4,0.18299999999999272,-0.31400000000000716,126.0,181.0,16.0,0,0,39.458
2019,10,sainz,mclaren,silverstone,13,1.1099999999999994,0.12400000000000944,30.0,52.0,4.0,0,0,53.639
2019,10,ricciardo,renault,silverstone,7,1.0889999999999986,-0.20399999999999352,16.0,32.0,2.6666666666666665,0,0,54.401
2019,10,r_ikk_nen,alfa_romeo_racing,silverstone,12,1.453000000000003,0.09700000000000841,21.0,22.0,2.6666666666666665,0,0,65.54
2019,10,kvyat,toro_rosso,silverstone,17,1.6280000000000001,0.3760000000000048,10.0,17.0,0.3333333333333333,0,0,66.72
2019,10,hulkenberg,renault,silverstone,10,1.2929999999999922,0.20399999999999352,16.0,38.0,3.3333333333333335,0,0,72.733
2019,10,norris,mclaren,silverstone,8,0.98599999999999,-0.12400000000000944,22.0,60.0,3.3333333333333335,0,0,74.281
2019,10,albon,toro_rosso,silverstone,9,1.2519999999999953,-0.3760000000000048,7.0,19.0,0.0,0,0,75.617
2019,10,stroll,racing_point,silverstone,18,1.668999999999997,0.11299999999999955,6.0,19.0,0.6666666666666666,0,0,81.086
2019,10,russell,williams,silverstone,19,2.695999999999998,-0.4680000000000035,0.0,0.0,0.0,0,0,
2019,10,kubica,williams,silverstone,20,3.1640000000000015,0.4680000000000035,0.0,0.0,0.0,0,0,
2019,10,vettel,ferrari,silverstone,6,0.6940000000000026,0.6150000000000091,123.0,243.0,13.666666666666666,0,0,
2019,10,perez,racing_point,silverstone,15,1.5559999999999974,-0.11299999999999955,13.0,19.0,0.0,0,0,
2019,10,giovinazzi,alfa_romeo_racing,silverstone,11,1.3559999999999945,-0.09700000000000841,1.0,26.0,0.3333333333333333,0,0,
2019,10,grosjean,haas_f1_team,silverstone,14,1.2539999999999907,-0.31500000000001194,2.0,16.0,0.0,0,0,
2019,10,magnussen,haas_f1_team,silverstone,16,1.5690000000000026,0.31500000000001194,14.0,16.0,0.0,0,0,
2019,11,verstappen,red_bull_racing,hockenheim,2,0.34600000000000364,-0.06700000000000728,136.0,191.0,16.0,0,1,6271.275
2019,11,vettel,ferrari,hockenheim,20,1.8739396135265705,0.0,123.0,243.0,7.666666666666667,0,1,7.333
2019,11,kvyat,toro_rosso,hockenheim,14,1.3680000000000092,-0.3259999999999934,12.0,19.0,0.6666666666666666,0,1,8.305
2019,11,stroll,racing_point,hockenheim,15,1.4890000000000043,0.480000000000004,6.0,19.0,0.0,0,1,8.966
2019,11,sainz,mclaren,hockenheim,7,0.8650000000000091,-0.7009999999999934,38.0,60.0,6.666666666666667,0,1,9.583
2019,11,albon,toro_rosso,hockenheim,17,1.6940000000000026,0.3259999999999934,7.0,34.0,0.0,0,1,10.052
2019,11,grosjean,haas_f1_team,hockenheim,6,1.0020000000000095,-0.01999999999999602,2.0,16.0,0.0,0,1,16.838
2019,11,magnussen,haas_f1_team,hockenheim,12,1.0220000000000056,0.01999999999999602,14.0,22.0,0.0,0,1,18.765
2019,11,hamilton,mercedes,hockenheim,1,0.0,-0.362000000000009,223.0,407.0,20.333333333333332,0,1,19.667
2019,11,kubica,williams,hockenheim,19,3.0720000000000027,0.117999999999995,0.0,0.0,0.0,0,1,24.987
2019,11,russell,williams,hockenheim,18,2.9540000000000077,-0.117999999999995,0.0,1.0,0.0,0,1,26.404
2019,11,r_ikk_nen,alfa_romeo_racing,hockenheim,5,0.7520000000000095,-0.2669999999999959,25.0,26.0,4.0,0,1,42.214
2019,11,giovinazzi,alfa_romeo_racing,hockenheim,11,1.0190000000000055,0.2669999999999959,1.0,26.0,0.3333333333333333,0,1,43.849
2019,11,gasly,red_bull_racing,hockenheim,4,0.4130000000000109,0.06700000000000728,55.0,217.0,6.333333333333333,0,1,
2019,11,bottas,mercedes,hockenheim,3,0.362000000000009,0.362000000000009,184.0,409.0,17.0,0,1,
2019,11,hulkenberg,renault,hockenheim,9,0.9990000000000094,-0.03300000000000125,17.0,39.0,1.6666666666666667,0,1,
2019,11,leclerc,ferrari,hockenheim,10,0.4620000000000033,0.0,120.0,261.0,16.0,0,1,
2019,11,norris,mclaren,hockenheim,16,1.5660000000000025,0.7009999999999934,22.0,70.0,3.3333333333333335,0,1,
2019,11,ricciardo,renault,hockenheim,13,1.0320000000000107,0.03300000000000125,22.0,39.0,2.0,0,1,
2019,11,perez,racing_point,hockenheim,8,1.0090000000000003,-0.480000000000004,13.0,31.0,0.0,0,1,
2019,12,hamilton,mercedes,budapest,3,0.19700000000000273,0.17900000000000205,225.0,409.0,12.666666666666666,0,0,5703.796
2019,12,verstappen,red_bull_racing,budapest,1,0.0,-0.8780000000000001,162.0,217.0,20.666666666666668,0,0,17.796
2019,12,vettel,ferrari,budapest,5,0.4989999999999952,0.027999999999991587,141.0,261.0,10.0,0,0,61.433
2019,12,leclerc,ferrari,budapest,4,0.47100000000000364,-0.027999999999991587,120.0,276.0,11.0,0,0,65.25
2019,12,sainz,mclaren,budapest,8,1.2800000000000011,0.05200000000000671,48.0,70.0,7.333333333333333,0,0,
2019,12,gasly,red_bull_racing,budapest,6,0.8780000000000001,0.8780000000000001,55.0,236.0,6.0,0,0,
2019,12,r_ikk_nen,alfa_romeo_racing,budapest,10,1.468999999999994,-0.7630000000000052,25.0,26.0,2.0,0,0,
2019,12,bottas,mercedes,budapest,2,0.018000000000000682,-0.17900000000000205,184.0,434.0,11.0,0,0,
2019,12,norris,mclaren,budapest,7,1.2279999999999944,-0.05200000000000671,22.0,80.0,2.6666666666666665,0,0,
2019,12,albon,toro_rosso,budapest,12,2.114999999999995,-0.0049999999999954525,15.0,42.0,2.6666666666666665,0,0,
2019,12,perez,racing_point,budapest,17,2.536999999999992,-0.43300000000000693,13.0,31.0,0.0,0,0,
2019,12,hulkenberg,renault,budapest,11,1.992999999999995,-0.6920000000000073,17.0,39.0,0.3333333333333333,0,0,
2019,12,magnussen,haas_f1_team,budapest,15,1.5499999999999972,0.10899999999999466,18.0,26.0,1.3333333333333333,0,0,
2019,12,ricciardo,renault,budapest,18,2.6850000000000023,0.6920000000000073,22.0,39.0,2.0,0,0,
2019,12,kvyat,toro_rosso,budapest,13,2.1199999999999903,0.0049999999999954525,27.0,43.0,5.666666666666667,0,0,
2019,12,russell,williams,budapest,16,2.459000000000003,-1.2929999999999922,0.0,1.0,0.0,0,0,
2019,12,stroll,racing_point,budapest,19,2.969999999999999,0.43300000000000693,18.0,31.0,4.0,0,0,
2019,12,giovinazzi,alfa_romeo_racing,budapest,14,2.2319999999999993,0.7630000000000052,1.0,32.0,0.3333333333333333,0,0,
2019,12,kubica,williams,budapest,20,3.7519999999999953,1.2929999999999922,1.0,1.0,0.3333333333333333,0,0,
2019,12,grosjean,haas_f1_team,budapest,9,1.4410000000000025,-0.10899999999999466,8.0,26.0,2.0,0,0,
2019,13,leclerc,ferrari,spa_francorchamps,1,0.0,-0.5180000000000007,132.0,288.0,9.0,0,0,5025.71
2019,13,hamilton,mercedes,spa_francorchamps,3,0.762999999999991,-0.13300000000000978,250.0,438.0,17.666666666666668,0,0,0.981
2019,13,bottas,mercedes,spa_francorchamps,4,0.8960000000000008,0.13300000000000978,188.0,456.0,7.333333333333333,0,0,12.585
2019,13,vettel,ferrari,spa_francorchamps,2,0.5180000000000007,0.5180000000000007,156.0,313.0,11.0,0,0,26.422
2019,13,albon,red_bull_racing,spa_francorchamps,14,3.0090000000000003,1.838000000000008,16.0,244.0,3.0,0,0,81.325
2019,13,perez,racing_point,spa_francorchamps,9,2.1869999999999976,-0.340999999999994,13.0,31.0,0.0,0,0,84.448
2019,13,kvyat,toro_rosso,spa_francorchamps,18,3.9989999999999952,0.08299999999999841,27.0,43.0,5.666666666666667,0,0,89.657
2019,13,hulkenberg,renault,spa_francorchamps,7,2.022999999999996,0.43900000000000716,17.0,39.0,0.3333333333333333,0,0,106.639
2019,13,gasly,toro_rosso,spa_francorchamps,16,3.915999999999997,-0.08299999999999841,63.0,49.0,6.666666666666667,0,0,109.168
2019,13,stroll,racing_point,spa_francorchamps,13,2.5279999999999916,0.340999999999994,18.0,39.0,4.0,0,0,109.838
2019,13,norris,mclaren,spa_francorchamps,12,2.3279999999999887,-1.6600000000000108,24.0,82.0,0.6666666666666666,0,0,
2019,13,magnussen,haas_f1_team,spa_francorchamps,10,2.218999999999994,-0.0589999999999975,18.0,26.0,1.3333333333333333,0,0,
2019,13,grosjean,haas_f1_team,spa_francorchamps,11,2.2779999999999916,0.0589999999999975,8.0,26.0,2.0,0,0,
2019,13,ricciardo,renault,spa_francorchamps,6,1.583999999999989,-0.43900000000000716,22.0,43.0,2.0,0,0,
2019,13,russell,williams,spa_francorchamps,19,5.028999999999996,0.0,0.0,1.0,0.0,0,0,
2019,13,r_ikk_nen,alfa_romeo_racing,spa_francorchamps,8,1.6209999999999951,-1.4969999999999999,31.0,32.0,3.3333333333333335,0,0,
2019,13,kubica,williams,spa_francorchamps,20,1.8739396135265705,0.0,1.0,1.0,0.3333333333333333,0,0,
2019,13,giovinazzi,alfa_romeo_racing,spa_francorchamps,15,3.117999999999995,1.4969999999999999,1.0,32.0,0.0,0,0,
2019,13,sainz,mclaren,spa_francorchamps,17,3.9879999999999995,1.6600000000000108,58.0,82.0,9.333333333333334,0,0,
2019,13,verstappen,red_bull_racing,spa_francorchamps,5,1.1709999999999923,-1.838000000000008,181.0,254.0,18.333333333333332,0,0,
2019,14,leclerc,ferrari,monza,1,0.0,-0.14999999999999147,157.0,326.0,12.333333333333334,0,0,4526.665
2019,14,bottas,mercedes,monza,3,0.046999999999997044,0.007999999999995566,203.0,471.0,6.333333333333333,0,0,0.835
2019,14,hamilton,mercedes,monza,2,0.03900000000000148,-0.007999999999995566,268.0,489.0,15.0,0,0,35.199
2019,14,ricciardo,renault,monza,5,0.5259999999999962,-0.21600000000000819,22.0,43.0,0.0,0,0,45.515
2019,14,hulkenberg,renault,monza,6,0.7420000000000044,0.21600000000000819,21.0,55.0,1.3333333333333333,0,0,58.165
2019,14,albon,red_bull_racing,monza,8,0.7139999999999986,-21.900999999999996,26.0,254.0,6.333333333333333,0,0,59.315
2019,14,perez,racing_point,monza,17,1.9839999999999947,0.7929999999999922,21.0,40.0,2.6666666666666665,0,0,73.802
2019,14,verstappen,red_bull_racing,monza,20,22.614999999999995,21.900999999999996,181.0,262.0,15.0,0,0,74.492
2019,14,giovinazzi,alfa_romeo_racing,monza,11,1.2099999999999937,0.001999999999995339,1.0,32.0,0.0,0,0,
2019,14,norris,mclaren,monza,14,1.3389999999999986,0.4440000000000026,24.0,82.0,0.6666666666666666,0,0,
2019,14,gasly,toro_rosso,monza,15,1.2009999999999934,-0.12199999999999989,65.0,51.0,3.3333333333333335,0,0,
2019,14,stroll,racing_point,monza,9,1.1910000000000025,-0.7929999999999922,19.0,46.0,4.333333333333333,0,0,
2019,14,vettel,ferrari,monza,4,0.14999999999999147,0.14999999999999147,169.0,351.0,15.333333333333334,0,0,
2019,14,russell,williams,monza,18,2.492999999999995,-0.5559999999999974,0.0,1.0,0.0,0,0,
2019,14,r_ikk_nen,alfa_romeo_racing,monza,10,1.2079999999999984,-0.001999999999995339,31.0,34.0,2.0,0,0,
2019,14,grosjean,haas_f1_team,monza,16,1.4770000000000039,0.16900000000001114,8.0,26.0,2.0,0,0,
2019,14,kubica,williams,monza,19,3.0489999999999924,0.5559999999999974,1.0,1.0,0.3333333333333333,0,0,
2019,14,magnussen,haas_f1_team,monza,12,1.3079999999999927,-0.16900000000001114,18.0,26.0,1.3333333333333333,0,0,
2019,14,kvyat,toro_rosso,monza,13,1.3229999999999933,0.12199999999999989,33.0,51.0,7.0,0,0,
2019,14,sainz,mclaren,monza,7,0.894999999999996,-0.4440000000000026,58.0,83.0,6.666666666666667,0,0,
2019,15,vettel,ferrari,singapore,3,0.21999999999999886,0.21999999999999886,169.0,351.0,9.333333333333334,1,0,7113.667
2019,15,leclerc,ferrari,singapore,1,0.0,-0.21999999999999886,182.0,376.0,20.666666666666668,1,0,2.641
2019,15,verstappen,red_bull_racing,singapore,4,0.5960000000000036,-0.597999999999999,185.0,266.0,7.666666666666667,1,0,3.8209999999999997
2019,15,hamilton,mercedes,singapore,2,0.1910000000000025,-0.7339999999999947,284.0,505.0,19.666666666666668,1,0,4.608
2019,15,bottas,mercedes,singapore,5,0.9249999999999972,0.7339999999999947,221.0,517.0,12.333333333333334,1,0,6.119
2019,15,albon,red_bull_racing,singapore,6,1.1940000000000026,0.597999999999999,34.0,281.0,6.333333333333333,1,0,11.663
2019,15,norris,mclaren,singapore,9,1.355000000000004,-0.2459999999999951,25.0,83.0,1.0,1,0,14.769
2019,15,gasly,toro_rosso,singapore,12,2.4819999999999993,-1.2579999999999956,65.0,51.0,3.3333333333333335,1,0,15.547
2019,15,hulkenberg,renault,singapore,8,2.046999999999997,0.16899999999999693,31.0,65.0,4.666666666666667,1,0,16.718
2019,15,giovinazzi,alfa_romeo_racing,singapore,11,2.480000000000004,-0.16100000000000136,3.0,34.0,0.6666666666666666,1,0,27.855
2019,15,grosjean,haas_f1_team,singapore,17,4.060000000000002,0.6269999999999953,8.0,26.0,0.0,1,0,35.436
2019,15,sainz,mclaren,singapore,7,1.600999999999999,0.2459999999999951,58.0,89.0,3.3333333333333335,1,0,35.974
2019,15,stroll,racing_point,singapore,16,3.7620000000000005,1.3589999999999947,19.0,46.0,0.3333333333333333,1,0,36.419
2019,15,ricciardo,renault,singapore,20,1.8780000000000001,-0.16899999999999693,34.0,67.0,4.0,1,0,37.66
2019,15,kvyat,toro_rosso,singapore,15,3.739999999999995,1.2579999999999956,33.0,55.0,2.0,1,0,38.178
2019,15,kubica,williams,singapore,19,4.969000000000008,0.3190000000000026,1.0,1.0,0.0,1,0,47.024
2019,15,magnussen,haas_f1_team,singapore,14,3.433000000000007,-0.6269999999999953,18.0,26.0,0.0,1,0,86.522
2019,15,r_ikk_nen,alfa_romeo_racing,singapore,13,2.6410000000000053,0.16100000000000136,31.0,35.0,2.0,1,0,
2019,15,perez,racing_point,singapore,10,2.403000000000006,-1.3589999999999947,27.0,46.0,4.666666666666667,1,0,
2019,15,russell,williams,singapore,18,4.650000000000006,-0.3190000000000026,0.0,1.0,0.0,1,0,
2019,16,hamilton,mercedes,sochi,2,0.402000000000001,-0.6020000000000039,296.0,527.0,15.333333333333334,0,1,5618.992
2019,16,bottas,mercedes,sochi,5,1.0040000000000049,0.6020000000000039,231.0,553.0,14.333333333333334,0,1,3.8289999999999997
2019,16,leclerc,ferrari,sochi,1,0.0,-0.42499999999999716,200.0,394.0,22.666666666666668,0,1,5.212
2019,16,verstappen,red_bull_racing,sochi,4,0.6820000000000022,-6.881999999999991,200.0,289.0,6.333333333333333,0,1,14.21
2019,16,albon,red_bull_racing,sochi,19,7.563999999999993,6.881999999999991,42.0,301.0,8.666666666666666,0,1,38.348
2019,16,sainz,mclaren,sochi,6,1.593999999999994,-0.07900000000000773,58.0,89.0,0.0,0,1,45.889
2019,16,perez,racing_point,sochi,12,2.3299999999999983,-0.2750000000000057,27.0,46.0,4.666666666666667,0,1,48.728
2019,16,norris,mclaren,sochi,8,1.6730000000000018,0.07900000000000773,31.0,97.0,2.3333333333333335,0,1,57.749
2019,16,magnussen,haas_f1_team,sochi,14,2.2609999999999957,0.3719999999999999,18.0,26.0,0.0,0,1,58.779
2019,16,hulkenberg,renault,sochi,7,1.6610000000000014,-0.3719999999999999,33.0,67.0,5.333333333333333,0,1,59.841
2019,16,stroll,racing_point,sochi,15,2.605000000000004,0.2750000000000057,19.0,52.0,0.3333333333333333,0,1,60.821
2019,16,kvyat,toro_rosso,sochi,-1,1.8739396135265705,0.0,33.0,55.0,2.0,0,1,62.496
2019,16,r_ikk_nen,alfa_romeo_racing,sochi,16,3.2120000000000033,0.8029999999999973,31.0,35.0,0.0,0,1,68.91
2019,16,gasly,toro_rosso,sochi,11,2.3220000000000027,0.0,69.0,55.0,2.0,0,1,70.076
2019,16,giovinazzi,alfa_romeo_racing,sochi,13,2.409000000000006,-0.8029999999999973,4.0,35.0,1.0,0,1,73.346
2019,16,kubica,williams,sochi,18,4.846000000000004,1.1180000000000092,1.0,1.0,0.0,0,1,
2019,16,russell,williams,sochi,17,3.7279999999999944,-1.1180000000000092,0.0,1.0,0.0,0,1,
2019,16,vettel,ferrari,sochi,3,0.42499999999999716,0.42499999999999716,194.0,409.0,12.666666666666666,0,1,
2019,16,ricciardo,renault,sochi,10,2.0330000000000013,0.3719999999999999,34.0,68.0,4.0,0,1,
2019,16,grosjean,haas_f1_team,sochi,9,1.8889999999999958,-0.3719999999999999,8.0,28.0,0.0,0,1,
2019,17,bottas,mercedes,suzuka,3,0.22900000000001342,-0.009000000000000341,249.0,571.0,15.333333333333334,0,0,4906.755
2019,17,vettel,ferrari,suzuka,1,0.0,-0.18900000000000716,194.0,409.0,8.333333333333334,0,0,13.343
2019,17,hamilton,mercedes,suzuka,4,0.23800000000001376,0.009000000000000341,322.0,596.0,18.0,0,0,13.858
2019,17,albon,red_bull_racing,suzuka,5,0.7870000000000061,0.0,52.0,311.0,8.666666666666666,0,0,59.537
2019,17,sainz,mclaren,suzuka,7,1.240000000000009,-0.1599999999999966,66.0,101.0,2.6666666666666665,0,0,69.101
2019,17,leclerc,ferrari,suzuka,2,0.18900000000000716,0.18900000000000716,215.0,427.0,19.333333333333332,0,0,
2019,17,gasly,toro_rosso,suzuka,9,1.7150000000000034,-0.784000000000006,69.0,55.0,1.3333333333333333,0,0,
2019,17,perez,racing_point,suzuka,17,3.280000000000001,0.9989999999999952,33.0,52.0,4.0,0,0,
2019,17,stroll,racing_point,suzuka,12,2.281000000000006,-0.9989999999999952,19.0,56.0,0.0,0,0,
2019,17,kvyat,toro_rosso,suzuka,14,2.4990000000000094,0.784000000000006,33.0,61.0,0.0,0,0,
2019,17,norris,mclaren,suzuka,8,1.4000000000000057,0.1599999999999966,35.0,111.0,3.6666666666666665,0,0,
2019,17,r_ikk_nen,alfa_romeo_racing,suzuka,13,2.294000000000011,0.1039999999999992,31.0,35.0,0.0,0,0,
2019,17,grosjean,haas_f1_team,suzuka,10,2.0800000000000125,0.0,8.0,28.0,0.0,0,0,
2019,17,giovinazzi,alfa_romeo_racing,suzuka,11,2.190000000000012,-0.1039999999999992,4.0,35.0,1.0,0,0,
2019,17,magnussen,haas_f1_team,suzuka,19,1.8739396135265705,0.0,20.0,28.0,0.6666666666666666,0,0,
2019,17,russell,williams,suzuka,18,3.3000000000000114,0.0,0.0,1.0,0.0,0,0,
2019,17,kubica,williams,suzuka,20,1.8739396135265705,0.0,1.0,1.0,0.0,0,0,
2019,17,verstappen,red_bull_racing,suzuka,6,0.7870000000000061,0.0,212.0,323.0,10.333333333333334,0,0,
2019,17,ricciardo,renault,suzuka,16,2.7580000000000098,0.20300000000000296,34.0,68.0,4.0,0,0,
2019,17,hulkenberg,renault,suzuka,15,2.555000000000007,-0.20300000000000296,34.0,68.0,4.333333333333333,0,0,
2019,18,hamilton,mercedes,mexico_city,4,0.5040000000000049,-0.0759999999999934,338.0,612.0,18.0,0,0,5808.904
2019,18,vettel,ferrari,mexico_city,3,0.41200000000000614,0.1460000000000008,212.0,435.0,14.333333333333334,0,0,1.766
2019,18,bottas,mercedes,mexico_city,6,0.5799999999999983,0.0759999999999934,274.0,637.0,17.666666666666668,0,0,3.553
2019,18,leclerc,ferrari,mexico_city,2,0.26600000000000534,-0.1460000000000008,223.0,453.0,13.666666666666666,0,0,6.368
2019,18,albon,red_bull_racing,mexico_city,5,0.578000000000003,0.578000000000003,64.0,323.0,10.0,0,0,21.399
2019,18,verstappen,red_bull_racing,mexico_city,1,0.0,-0.578000000000003,212.0,333.0,9.0,0,0,68.807
2019,18,perez,racing_point,mexico_city,11,1.929000000000002,-1.3780000000000001,37.0,58.0,3.3333333333333335,0,0,73.819
2019,18,ricciardo,renault,mexico_city,13,2.1750000000000114,0.04800000000000182,34.0,68.0,0.0,0,0,74.924
2019,18,gasly,toro_rosso,mexico_city,10,1.828000000000003,0.11700000000000443,75.0,62.0,3.3333333333333335,0,0,
2019,18,hulkenberg,renault,mexico_city,12,2.1270000000000095,-0.04800000000000182,34.0,72.0,1.0,0,0,
2019,18,kvyat,toro_rosso,mexico_city,9,1.7109999999999985,-0.11700000000000443,34.0,64.0,0.3333333333333333,0,0,
2019,18,stroll,racing_point,mexico_city,16,3.307000000000002,1.3780000000000001,21.0,64.0,0.6666666666666666,0,0,
2019,18,sainz,mclaren,mexico_city,7,1.2560000000000002,-0.30800000000000693,76.0,111.0,6.0,0,0,
2019,18,giovinazzi,alfa_romeo_racing,mexico_city,15,2.51100000000001,0.3020000000000067,4.0,35.0,0.3333333333333333,0,0,
2019,18,magnussen,haas_f1_team,mexico_city,17,3.6780000000000115,-0.1629999999999967,20.0,28.0,0.6666666666666666,0,0,
2019,18,russell,williams,mexico_city,19,4.064999999999998,-1.3560000000000088,0.0,1.0,0.0,0,0,
2019,18,grosjean,haas_f1_team,mexico_city,18,3.841000000000008,0.1629999999999967,8.0,28.0,0.0,0,0,
2019,18,kubica,williams,mexico_city,20,5.4210000000000065,1.3560000000000088,1.0,1.0,0.0,0,0,
2019,18,r_ikk_nen,alfa_romeo_racing,mexico_city,14,2.209000000000003,-0.3020000000000067,31.0,35.0,0.0,0,0,
2019,18,norris,mclaren,mexico_city,8,1.5640000000000072,0.30800000000000693,35.0,111.0,3.3333333333333335,0,0,
2019,19,bottas,mercedes,austin,1,0.0,-0.2920000000000016,289.0,652.0,19.333333333333332,0,0,5635.653
2019,19,hamilton,mercedes,austin,5,0.2920000000000016,0.2920000000000016,363.0,677.0,22.333333333333332,0,0,4.148
2019,19,verstappen,red_bull_racing,austin,3,0.06700000000000728,-0.4519999999999982,220.0,341.0,6.666666666666667,0,0,5.002
2019,19,leclerc,ferrari,austin,4,0.10800000000000409,0.09600000000000364,236.0,466.0,12.0,0,0,52.239
2019,19,albon,red_bull_racing,austin,6,0.5190000000000055,0.4519999999999982,74.0,356.0,10.666666666666666,0,0,78.038
2019,19,ricciardo,renault,austin,9,1.4590000000000032,-0.3269999999999982,38.0,73.0,1.3333333333333333,0,0,90.366
2019,19,norris,mclaren,austin,8,1.1460000000000008,0.32800000000000296,35.0,111.0,1.3333333333333333,0,0,90.764
2019,19,sainz,mclaren,austin,7,0.8179999999999978,-0.32800000000000296,76.0,117.0,6.0,0,0,
2019,19,hulkenberg,renault,austin,11,1.7860000000000014,0.3269999999999982,35.0,81.0,0.6666666666666666,0,0,
2019,19,perez,racing_point,austin,19,3.7790000000000106,1.8870000000000005,43.0,64.0,5.333333333333333,0,0,
2019,19,r_ikk_nen,alfa_romeo_racing,austin,17,2.3400000000000034,0.14300000000000068,31.0,35.0,0.0,0,0,
2019,19,kvyat,toro_rosso,austin,13,1.7560000000000002,0.2289999999999992,34.0,64.0,0.3333333333333333,0,0,
2019,19,stroll,racing_point,austin,14,1.8920000000000101,-1.8870000000000005,21.0,65.0,0.6666666666666666,0,0,
2019,19,giovinazzi,alfa_romeo_racing,austin,16,2.1970000000000027,-0.14300000000000068,4.0,35.0,0.0,0,0,
2019,19,grosjean,haas_f1_team,austin,15,2.129000000000005,0.34600000000000364,8.0,28.0,0.0,0,0,
2019,19,gasly,toro_rosso,austin,10,1.527000000000001,-0.2289999999999992,77.0,64.0,2.6666666666666665,0,0,
2019,19,russell,williams,austin,18,3.3430000000000035,-0.5169999999999959,0.0,1.0,0.0,0,0,
2019,19,magnussen,haas_f1_team,austin,12,1.7830000000000013,-0.34600000000000364,20.0,28.0,0.6666666666666666,0,0,
2019,19,kubica,williams,austin,20,3.8599999999999994,0.5169999999999959,1.0,1.0,0.0,0,0,
2019,19,vettel,ferrari,austin,2,0.012000000000000455,-0.09600000000000364,230.0,479.0,12.0,0,0,
2019,20,verstappen,red_bull_racing,s_o_paulo,1,0.0,-0.43200000000000216,235.0,366.0,7.666666666666667,0,0,5594.678
2019,20,gasly,toro_rosso,s_o_paulo,7,1.266999999999996,-0.5499999999999972,77.0,64.0,2.6666666666666665,0,0,6.077
2019,20,sainz,mclaren,s_o_paulo,20,14.409000000000006,13.044000000000011,80.0,121.0,4.666666666666667,0,0,8.896
2019,20,r_ikk_nen,alfa_romeo_racing,s_o_paulo,9,1.355000000000004,-0.06099999999999284,31.0,35.0,0.0,0,0,9.452
2019,20,giovinazzi,alfa_romeo_racing,s_o_paulo,13,1.4159999999999968,0.06099999999999284,4.0,47.0,0.0,0,0,10.201
2019,20,ricciardo,renault,s_o_paulo,12,1.4000000000000057,-0.018000000000000682,46.0,83.0,4.0,0,0,10.541
2019,20,hamilton,mercedes,s_o_paulo,3,0.19599999999999795,-0.17499999999999716,381.0,695.0,19.666666666666668,0,0,11.139
2019,20,norris,mclaren,s_o_paulo,11,1.3649999999999949,-13.044000000000011,41.0,136.0,2.0,0,0,11.204
2019,20,perez,racing_point,s_o_paulo,15,1.5319999999999965,-0.5010000000000048,44.0,65.0,3.6666666666666665,0,0,11.529
2019,20,kvyat,toro_rosso,s_o_paulo,16,1.816999999999993,0.5499999999999972,34.0,82.0,0.3333333333333333,0,0,11.931000000000001
2019,20,magnussen,haas_f1_team,s_o_paulo,10,1.2999999999999972,0.09799999999999898,20.0,28.0,0.0,0,0,12.732
2019,20,russell,williams,s_o_paulo,18,2.6230000000000047,-0.48799999999999955,0.0,1.0,0.0,0,0,13.599
2019,20,grosjean,haas_f1_team,s_o_paulo,8,1.2019999999999982,-0.09799999999999898,8.0,28.0,0.0,0,0,14.247
2019,20,albon,red_bull_racing,s_o_paulo,6,0.43200000000000216,0.43200000000000216,84.0,391.0,10.666666666666666,0,0,14.927
2019,20,hulkenberg,renault,s_o_paulo,14,1.4180000000000064,0.018000000000000682,37.0,91.0,1.0,0,0,18.059
2019,20,kubica,williams,s_o_paulo,19,3.111000000000004,0.48799999999999955,1.0,1.0,0.0,0,0,
2019,20,vettel,ferrari,s_o_paulo,2,0.1280000000000001,-0.0969999999999942,230.0,479.0,12.0,0,0,
2019,20,leclerc,ferrari,s_o_paulo,4,0.22499999999999432,0.0969999999999942,249.0,479.0,11.333333333333334,0,0,
2019,20,stroll,racing_point,s_o_paulo,17,2.0330000000000013,0.5010000000000048,21.0,67.0,0.6666666666666666,0,0,
2019,20,bottas,mercedes,s_o_paulo,5,0.3709999999999951,0.17499999999999716,314.0,701.0,21.666666666666668,0,0,
2019,21,hamilton,mercedes,yas_island,1,0.0,-0.19400000000000261,387.0,701.0,16.333333333333332,0,0,5645.715
2019,21,verstappen,red_bull_racing,yas_island,3,0.35999999999999943,-0.5430000000000064,260.0,391.0,16.0,0,0,16.772
2019,21,leclerc,ferrari,yas_island,4,0.4399999999999977,-0.12000000000000455,249.0,479.0,8.666666666666666,0,0,43.435
2019,21,bottas,mercedes,yas_island,2,0.19400000000000261,0.19400000000000261,314.0,727.0,13.333333333333334,0,0,44.379
2019,21,vettel,ferrari,yas_island,5,0.5600000000000023,0.12000000000000455,230.0,494.0,6.0,0,0,64.357
2019,21,albon,red_bull_racing,yas_island,6,0.9030000000000058,0.5430000000000064,84.0,409.0,6.666666666666667,0,0,69.205
2019,21,perez,racing_point,yas_island,11,2.182000000000002,-0.1419999999999959,46.0,67.0,3.0,0,0,
2019,21,norris,mclaren,yas_island,7,1.6570000000000107,0.1280000000000001,45.0,140.0,3.3333333333333335,0,0,
2019,21,kvyat,toro_rosso,yas_island,14,2.362000000000009,0.05200000000000671,35.0,83.0,0.3333333333333333,0,0,
2019,21,sainz,mclaren,yas_island,9,1.5290000000000106,-0.1280000000000001,95.0,144.0,6.333333333333333,0,0,
2019,21,ricciardo,renault,yas_island,8,1.6770000000000067,-0.2539999999999907,54.0,91.0,6.666666666666667,0,0,
2019,21,hulkenberg,renault,yas_island,10,1.9309999999999974,0.2539999999999907,37.0,91.0,1.0,0,0,
2019,21,r_ikk_nen,alfa_romeo_racing,yas_island,18,3.603999999999999,0.26899999999999125,43.0,57.0,4.0,0,0,
2019,21,magnussen,haas_f1_team,yas_island,15,2.4750000000000085,-0.796999999999997,20.0,28.0,0.0,0,0,
2019,21,grosjean,haas_f1_team,yas_island,16,3.2720000000000056,0.796999999999997,8.0,28.0,0.0,0,0,
2019,21,giovinazzi,alfa_romeo_racing,yas_island,17,3.335000000000008,-0.26899999999999125,14.0,57.0,3.3333333333333335,0,0,
2019,21,russell,williams,yas_island,19,3.9380000000000024,-0.5190000000000055,0.0,1.0,0.0,0,0,
2019,21,gasly,toro_rosso,yas_island,12,2.3100000000000023,-0.05200000000000671,95.0,85.0,6.666666666666667,0,0,
2019,21,kubica,williams,yas_island,20,4.457000000000008,0.5190000000000055,1.0,1.0,0.0,0,0,
2019,21,stroll,racing_point,yas_island,13,2.323999999999998,0.1419999999999959,21.0,73.0,0.0,0,0,
